#
# There is insufficient memory for the Java Runtime Environment to continue.
# Native memory allocation (mmap) failed to map 65536 bytes. Error detail: Failed to commit metaspace.
# Possible reasons:
#   The system is out of physical RAM or swap space
#   This process is running with CompressedOops enabled, and the Java Heap may be blocking the growth of the native heap
# Possible solutions:
#   Reduce memory load on the system
#   Increase physical memory or swap space
#   Check if swap backing store is full
#   Decrease Java heap size (-Xmx/-Xms)
#   Decrease number of Java threads
#   Decrease Java thread stack sizes (-Xss)
#   Set larger code cache with -XX:ReservedCodeCacheSize=
#   JVM is running with Zero Based Compressed Oops mode in which the Java heap is
#     placed in the first 32GB address space. The Java Heap base address is the
#     maximum limit for the native heap growth. Please use -XX:HeapBaseMinAddress
#     to set the Java Heap base and to place the Java Heap above 32GB virtual address.
# This output file may be truncated or incomplete.
#
#  Out of Memory Error (virtualSpaceNode.cpp:113), pid=9800, tid=26404
#
# JRE version: OpenJDK Runtime Environment (21.0.10) (build 21.0.10+-14961533-b1163.108)
# Java VM: OpenJDK 64-Bit Server VM (21.0.10+-14961533-b1163.108, mixed mode, tiered, compressed oops, compressed class ptrs, g1 gc, windows-amd64)
# No core dump will be written. Minidumps are not enabled by default on client versions of Windows
#

---------------  S U M M A R Y ------------

Command Line: org.jetbrains.kotlin.cli.jvm.K2JVMCompiler @D:\JP SITEPLUS\mobile-engineer\build\workmanager_android\20260911_17301364580518169702.compiler.options

Host: 12th Gen Intel(R) Core(TM) i5-12500H, 16 cores, 15G,  Windows 11 , 64 bit Build 26100 (10.0.26100.9444)
Time: Fri Sep 11 18:06:13 2026 India Standard Time elapsed time: 16.739545 seconds (0d 0h 0m 16s)

---------------  T H R E A D  ---------------

Current thread (0x000001dc5bc22ae0):  JavaThread "main"             [_thread_in_vm, id=26404, stack(0x0000002389700000,0x0000002389800000) (1024K)]

Stack: [0x0000002389700000,0x0000002389800000]
Native frames: (J=compiled Java code, j=interpreted, Vv=VM code, C=native code)
V  [jvm.dll+0x6d78a9]
V  [jvm.dll+0x8665b3]
V  [jvm.dll+0x868bde]
V  [jvm.dll+0x8692c3]
V  [jvm.dll+0x280ee6]
V  [jvm.dll+0x86146e]
V  [jvm.dll+0x67add5]
V  [jvm.dll+0x1e4911]
V  [jvm.dll+0x1e46de]
V  [jvm.dll+0x67d728]
V  [jvm.dll+0x67d562]
V  [jvm.dll+0x67b7ce]
V  [jvm.dll+0x26ce00]
V  [jvm.dll+0x2172eb]
V  [jvm.dll+0x20c73a]
V  [jvm.dll+0x5b7f75]
V  [jvm.dll+0x7dfadd]
V  [jvm.dll+0x7dfa41]
V  [jvm.dll+0x473846]
V  [jvm.dll+0x486926]
C  [java.dll+0x1657]

Java frames: (J=compiled Java code, j=interpreted, Vv=VM code)
J 1622  java.lang.ClassLoader.defineClass0(Ljava/lang/ClassLoader;Ljava/lang/Class;Ljava/lang/String;[BIILjava/security/ProtectionDomain;ZILjava/lang/Object;)Ljava/lang/Class; java.base@21.0.10 (0 bytes) @ 0x000001dc68d8d7bc [0x000001dc68d8d6c0+0x00000000000000fc]
J 1809 c1 java.lang.System$2.defineClass(Ljava/lang/ClassLoader;Ljava/lang/Class;Ljava/lang/String;[BLjava/security/ProtectionDomain;ZILjava/lang/Object;)Ljava/lang/Class; java.base@21.0.10 (21 bytes) @ 0x000001dc614a8974 [0x000001dc614a88c0+0x00000000000000b4]
J 1808 c1 java.lang.invoke.MethodHandles$Lookup$ClassDefiner.defineClass(ZLjava/lang/Object;)Ljava/lang/Class; java.base@21.0.10 (213 bytes) @ 0x000001dc614aa22c [0x000001dc614a9ca0+0x000000000000058c]
J 3601 c1 java.lang.invoke.InnerClassLambdaMetafactory.generateInnerClass()Ljava/lang/Class; java.base@21.0.10 (506 bytes) @ 0x000001dc6185fefc [0x000001dc6185e4c0+0x0000000000001a3c]
J 3597 c1 java.lang.invoke.InnerClassLambdaMetafactory.spinInnerClass()Ljava/lang/Class; java.base@21.0.10 (118 bytes) @ 0x000001dc6186ff3c [0x000001dc6186fd60+0x00000000000001dc]
J 3596 c1 java.lang.invoke.InnerClassLambdaMetafactory.buildCallSite()Ljava/lang/invoke/CallSite; java.base@21.0.10 (150 bytes) @ 0x000001dc6187292c [0x000001dc618728a0+0x000000000000008c]
J 4890 c1 java.lang.invoke.LambdaMetafactory.metafactory(Ljava/lang/invoke/MethodHandles$Lookup;Ljava/lang/String;Ljava/lang/invoke/MethodType;Ljava/lang/invoke/MethodType;Ljava/lang/invoke/MethodHandle;Ljava/lang/invoke/MethodType;)Ljava/lang/invoke/CallSite; java.base@21.0.10 (71 bytes) @ 0x000001dc61c7eaa4 [0x000001dc61c7e620+0x0000000000000484]
J 3574 c1 java.lang.invoke.LambdaForm$DMH+0x00000008003e0000.invokeStatic(Ljava/lang/Object;Ljava/lang/Object;Ljava/lang/Object;Ljava/lang/Object;Ljava/lang/Object;Ljava/lang/Object;Ljava/lang/Object;)Ljava/lang/Object; java.base@21.0.10 (31 bytes) @ 0x000001dc61849ff4 [0x000001dc61849ce0+0x0000000000000314]
J 2493 c1 java.lang.invoke.BootstrapMethodInvoker.invoke(Ljava/lang/Class;Ljava/lang/invoke/MethodHandle;Ljava/lang/String;Ljava/lang/Object;Ljava/lang/Object;Ljava/lang/Class;)Ljava/lang/Object; java.base@21.0.10 (974 bytes) @ 0x000001dc615d9744 [0x000001dc615d4120+0x0000000000005624]
J 2492 c1 java.lang.invoke.CallSite.makeSite(Ljava/lang/invoke/MethodHandle;Ljava/lang/String;Ljava/lang/invoke/MethodType;Ljava/lang/Object;Ljava/lang/Class;)Ljava/lang/invoke/CallSite; java.base@21.0.10 (91 bytes) @ 0x000001dc615b93b4 [0x000001dc615b9320+0x0000000000000094]
J 2491 c1 java.lang.invoke.MethodHandleNatives.linkCallSiteImpl(Ljava/lang/Class;Ljava/lang/invoke/MethodHandle;Ljava/lang/String;Ljava/lang/invoke/MethodType;Ljava/lang/Object;[Ljava/lang/Object;)Ljava/lang/invoke/MemberName; java.base@21.0.10 (119 bytes) @ 0x000001dc615b835c [0x000001dc615b82e0+0x000000000000007c]
J 2490 c1 java.lang.invoke.MethodHandleNatives.linkCallSite(Ljava/lang/Object;Ljava/lang/Object;Ljava/lang/Object;Ljava/lang/Object;Ljava/lang/Object;[Ljava/lang/Object;)Ljava/lang/invoke/MemberName; java.base@21.0.10 (65 bytes) @ 0x000001dc615b7dbc [0x000001dc615b7980+0x000000000000043c]
v  ~StubRoutines::call_stub 0x000001dc685d100d
j  org.jetbrains.kotlin.fir.resolve.calls.tower.FirTowerResolver.runResolverForDelegatingConstructor(Lorg/jetbrains/kotlin/fir/resolve/calls/candidate/CallInfo;Lorg/jetbrains/kotlin/fir/types/ConeClassLikeType;Lorg/jetbrains/kotlin/fir/types/ConeClassLikeLookupTag;Lorg/jetbrains/kotlin/fir/resolve/calls/ResolutionContext;)Lorg/jetbrains/kotlin/fir/resolve/calls/candidate/CandidateCollector;+227
j  org.jetbrains.kotlin.fir.resolve.calls.FirCallResolver.resolveDelegatingConstructorCall(Lorg/jetbrains/kotlin/fir/expressions/FirDelegatedConstructorCall;Lorg/jetbrains/kotlin/fir/types/ConeClassLikeType;Lorg/jetbrains/kotlin/fir/types/ConeClassLikeLookupTag;)Lorg/jetbrains/kotlin/fir/expressions/FirDelegatedConstructorCall;+166
j  org.jetbrains.kotlin.fir.resolve.transformers.body.resolve.FirExpressionsResolveTransformer.transformDelegatedConstructorCall(Lorg/jetbrains/kotlin/fir/expressions/FirDelegatedConstructorCall;Lorg/jetbrains/kotlin/fir/resolve/ResolutionMode;)Lorg/jetbrains/kotlin/fir/expressions/FirStatement;+979
j  org.jetbrains.kotlin.fir.resolve.transformers.body.resolve.FirAbstractBodyResolveTransformerDispatcher.transformDelegatedConstructorCall(Lorg/jetbrains/kotlin/fir/expressions/FirDelegatedConstructorCall;Lorg/jetbrains/kotlin/fir/resolve/ResolutionMode;)Lorg/jetbrains/kotlin/fir/expressions/FirStatement;+53
j  org.jetbrains.kotlin.fir.resolve.transformers.body.resolve.FirAbstractBodyResolveTransformerDispatcher.transformDelegatedConstructorCall(Lorg/jetbrains/kotlin/fir/expressions/FirDelegatedConstructorCall;Ljava/lang/Object;)Lorg/jetbrains/kotlin/fir/expressions/FirStatement;+6
j  org.jetbrains.kotlin.fir.expressions.FirDelegatedConstructorCall.transform(Lorg/jetbrains/kotlin/fir/visitors/FirTransformer;Ljava/lang/Object;)Lorg/jetbrains/kotlin/fir/FirElement;+9
j  org.jetbrains.kotlin.fir.declarations.impl.FirPrimaryConstructor.transformDelegatedConstructor(Lorg/jetbrains/kotlin/fir/visitors/FirTransformer;Ljava/lang/Object;)Lorg/jetbrains/kotlin/fir/declarations/impl/FirPrimaryConstructor;+18
j  org.jetbrains.kotlin.fir.declarations.impl.FirPrimaryConstructor.transformDelegatedConstructor(Lorg/jetbrains/kotlin/fir/visitors/FirTransformer;Ljava/lang/Object;)Lorg/jetbrains/kotlin/fir/declarations/FirConstructor;+3
j  org.jetbrains.kotlin.fir.resolve.transformers.body.resolve.FirDeclarationsResolveTransformer.transformConstructorContent(Lorg/jetbrains/kotlin/fir/declarations/FirConstructor;Lorg/jetbrains/kotlin/fir/resolve/ResolutionMode;)Lorg/jetbrains/kotlin/fir/declarations/FirConstructor;+431
j  org.jetbrains.kotlin.fir.resolve.transformers.body.resolve.FirDeclarationsResolveTransformer.transformConstructor(Lorg/jetbrains/kotlin/fir/declarations/FirConstructor;Lorg/jetbrains/kotlin/fir/resolve/ResolutionMode;)Lorg/jetbrains/kotlin/fir/declarations/FirConstructor;+202
j  org.jetbrains.kotlin.fir.resolve.transformers.body.resolve.FirAbstractBodyResolveTransformerDispatcher.transformConstructor(Lorg/jetbrains/kotlin/fir/declarations/FirConstructor;Lorg/jetbrains/kotlin/fir/resolve/ResolutionMode;)Lorg/jetbrains/kotlin/fir/declarations/FirConstructor;+59
j  org.jetbrains.kotlin.fir.resolve.transformers.body.resolve.FirAbstractBodyResolveTransformerDispatcher.transformConstructor(Lorg/jetbrains/kotlin/fir/declarations/FirConstructor;Ljava/lang/Object;)Lorg/jetbrains/kotlin/fir/expressions/FirStatement;+6
J 6088 c1 org.jetbrains.kotlin.fir.declarations.FirConstructor.transform(Lorg/jetbrains/kotlin/fir/visitors/FirTransformer;Ljava/lang/Object;)Lorg/jetbrains/kotlin/fir/FirElement; (22 bytes) @ 0x000001dc6204e2ec [0x000001dc6204df40+0x00000000000003ac]
J 3716 c1 org.jetbrains.kotlin.fir.visitors.FirTransformerUtilKt.transformInplace(Ljava/util/List;Lorg/jetbrains/kotlin/fir/visitors/FirTransformer;Ljava/lang/Object;)V (73 bytes) @ 0x000001dc618b124c [0x000001dc618b0880+0x00000000000009cc]
J 6097 c1 org.jetbrains.kotlin.fir.declarations.impl.FirRegularClassImpl.transformDeclarations(Lorg/jetbrains/kotlin/fir/visitors/FirTransformer;Ljava/lang/Object;)Lorg/jetbrains/kotlin/fir/declarations/impl/FirRegularClassImpl; (18 bytes) @ 0x000001dc62056374 [0x000001dc62056040+0x0000000000000334]
j  org.jetbrains.kotlin.fir.declarations.impl.FirRegularClassImpl.transformChildren(Lorg/jetbrains/kotlin/fir/visitors/FirTransformer;Ljava/lang/Object;)Lorg/jetbrains/kotlin/fir/declarations/impl/FirRegularClassImpl;+49
j  org.jetbrains.kotlin.fir.declarations.impl.FirRegularClassImpl.transformChildren(Lorg/jetbrains/kotlin/fir/visitors/FirTransformer;Ljava/lang/Object;)Lorg/jetbrains/kotlin/fir/FirElement;+3
j  org.jetbrains.kotlin.fir.resolve.transformers.body.resolve.FirAbstractBodyResolveTransformerDispatcher.transformElement(Lorg/jetbrains/kotlin/fir/FirElement;Lorg/jetbrains/kotlin/fir/resolve/ResolutionMode;)Lorg/jetbrains/kotlin/fir/FirElement;+20
j  org.jetbrains.kotlin.fir.resolve.transformers.body.resolve.FirAbstractBodyResolveTransformerDispatcher.transformDeclarationContent(Lorg/jetbrains/kotlin/fir/declarations/FirDeclaration;Lorg/jetbrains/kotlin/fir/resolve/ResolutionMode;)Lorg/jetbrains/kotlin/fir/declarations/FirDeclaration;+20
j  org.jetbrains.kotlin.fir.resolve.transformers.body.resolve.FirDeclarationsResolveTransformer.transformDeclarationContent(Lorg/jetbrains/kotlin/fir/declarations/FirDeclaration;Lorg/jetbrains/kotlin/fir/resolve/ResolutionMode;)Lorg/jetbrains/kotlin/fir/declarations/FirDeclaration;+20
j  org.jetbrains.kotlin.fir.resolve.transformers.body.resolve.FirDeclarationsResolveTransformer.doTransformRegularClassContent$lambda$0(Lorg/jetbrains/kotlin/fir/resolve/transformers/body/resolve/FirDeclarationsResolveTransformer;Lorg/jetbrains/kotlin/fir/declarations/FirRegularClass;Lorg/jetbrains/kotlin/fir/resolve/ResolutionMode;)Lorg/jetbrains/kotlin/fir/declarations/FirRegularClass;+6
j  org.jetbrains.kotlin.fir.resolve.transformers.body.resolve.FirDeclarationsResolveTransformer$$Lambda+0x00000008006c0228.invoke()Ljava/lang/Object;+12
j  org.jetbrains.kotlin.fir.resolve.transformers.body.resolve.FirDeclarationsResolveTransformer.forRegularClassBody$lambda$0(Lkotlin/jvm/functions/Function0;)Lorg/jetbrains/kotlin/fir/declarations/FirRegularClass;+1
j  org.jetbrains.kotlin.fir.resolve.transformers.body.resolve.FirDeclarationsResolveTransformer$$Lambda+0x00000008006c0480.invoke()Ljava/lang/Object;+4
j  org.jetbrains.kotlin.fir.resolve.transformers.body.resolve.BodyResolveContext.forRegularClassBody$lambda$0$0(Lorg/jetbrains/kotlin/fir/resolve/transformers/body/resolve/BodyResolveContext;Lorg/jetbrains/kotlin/fir/declarations/FirRegularClass;Lkotlin/jvm/functions/Function0;)Ljava/lang/Object;+32
j  org.jetbrains.kotlin.fir.resolve.transformers.body.resolve.BodyResolveContext$$Lambda+0x00000008006b9490.invoke()Ljava/lang/Object;+12
j  org.jetbrains.kotlin.fir.resolve.transformers.body.resolve.BodyResolveContext.withScopesForClass(Lorg/jetbrains/kotlin/fir/declarations/FirClass;Lorg/jetbrains/kotlin/fir/SessionAndScopeSessionHolder;Lkotlin/jvm/functions/Function0;)Ljava/lang/Object;+635
j  org.jetbrains.kotlin.fir.resolve.transformers.body.resolve.BodyResolveContext.forRegularClassBody(Lorg/jetbrains/kotlin/fir/declarations/FirRegularClass;Lorg/jetbrains/kotlin/fir/SessionAndScopeSessionHolder;Lkotlin/jvm/functions/Function0;)Ljava/lang/Object;+144
j  org.jetbrains.kotlin.fir.resolve.transformers.body.resolve.FirDeclarationsResolveTransformer.forRegularClassBody(Lorg/jetbrains/kotlin/fir/declarations/FirRegularClass;Lkotlin/jvm/functions/Function0;)Lorg/jetbrains/kotlin/fir/declarations/FirRegularClass;+87
j  org.jetbrains.kotlin.fir.resolve.transformers.body.resolve.FirDeclarationsResolveTransformer.doTransformRegularClassContent(Lorg/jetbrains/kotlin/fir/declarations/FirRegularClass;Lorg/jetbrains/kotlin/fir/resolve/ResolutionMode;)Lorg/jetbrains/kotlin/fir/declarations/FirRegularClass;+24
j  org.jetbrains.kotlin.fir.resolve.transformers.body.resolve.FirDeclarationsResolveTransformer.transformRegularClass(Lorg/jetbrains/kotlin/fir/declarations/FirRegularClass;Lorg/jetbrains/kotlin/fir/resolve/ResolutionMode;)Lorg/jetbrains/kotlin/fir/declarations/FirRegularClass;+443
j  org.jetbrains.kotlin.fir.resolve.transformers.body.resolve.FirAbstractBodyResolveTransformerDispatcher.transformRegularClass(Lorg/jetbrains/kotlin/fir/declarations/FirRegularClass;Lorg/jetbrains/kotlin/fir/resolve/ResolutionMode;)Lorg/jetbrains/kotlin/fir/declarations/FirRegularClass;+59
j  org.jetbrains.kotlin.fir.resolve.transformers.body.resolve.FirAbstractBodyResolveTransformerDispatcher.transformRegularClass(Lorg/jetbrains/kotlin/fir/declarations/FirRegularClass;Ljava/lang/Object;)Lorg/jetbrains/kotlin/fir/expressions/FirStatement;+6
J 5110 c1 org.jetbrains.kotlin.fir.declarations.FirRegularClass.transform(Lorg/jetbrains/kotlin/fir/visitors/FirTransformer;Ljava/lang/Object;)Lorg/jetbrains/kotlin/fir/FirElement; (22 bytes) @ 0x000001dc61d5576c [0x000001dc61d553c0+0x00000000000003ac]
J 3716 c1 org.jetbrains.kotlin.fir.visitors.FirTransformerUtilKt.transformInplace(Ljava/util/List;Lorg/jetbrains/kotlin/fir/visitors/FirTransformer;Ljava/lang/Object;)V (73 bytes) @ 0x000001dc618b124c [0x000001dc618b0880+0x00000000000009cc]
j  org.jetbrains.kotlin.fir.declarations.impl.FirFileImpl.transformDeclarations(Lorg/jetbrains/kotlin/fir/visitors/FirTransformer;Ljava/lang/Object;)Lorg/jetbrains/kotlin/fir/declarations/impl/FirFileImpl;+13
j  org.jetbrains.kotlin.fir.declarations.impl.FirFileImpl.transformChildren(Lorg/jetbrains/kotlin/fir/visitors/FirTransformer;Ljava/lang/Object;)Lorg/jetbrains/kotlin/fir/declarations/impl/FirFileImpl;+65
j  org.jetbrains.kotlin.fir.declarations.impl.FirFileImpl.transformChildren(Lorg/jetbrains/kotlin/fir/visitors/FirTransformer;Ljava/lang/Object;)Lorg/jetbrains/kotlin/fir/FirElement;+3
j  org.jetbrains.kotlin.fir.resolve.transformers.body.resolve.FirAbstractBodyResolveTransformerDispatcher.transformElement(Lorg/jetbrains/kotlin/fir/FirElement;Lorg/jetbrains/kotlin/fir/resolve/ResolutionMode;)Lorg/jetbrains/kotlin/fir/FirElement;+20
j  org.jetbrains.kotlin.fir.resolve.transformers.body.resolve.FirAbstractBodyResolveTransformerDispatcher.transformDeclarationContent(Lorg/jetbrains/kotlin/fir/declarations/FirDeclaration;Lorg/jetbrains/kotlin/fir/resolve/ResolutionMode;)Lorg/jetbrains/kotlin/fir/declarations/FirDeclaration;+20
j  org.jetbrains.kotlin.fir.resolve.transformers.body.resolve.FirDeclarationsResolveTransformer.transformDeclarationContent(Lorg/jetbrains/kotlin/fir/declarations/FirDeclaration;Lorg/jetbrains/kotlin/fir/resolve/ResolutionMode;)Lorg/jetbrains/kotlin/fir/declarations/FirDeclaration;+20
j  org.jetbrains.kotlin.fir.resolve.transformers.body.resolve.FirDeclarationsResolveTransformer.doTransformFile$lambda$0(Lorg/jetbrains/kotlin/fir/resolve/transformers/body/resolve/FirDeclarationsResolveTransformer;Lorg/jetbrains/kotlin/fir/declarations/FirFile;Lorg/jetbrains/kotlin/fir/resolve/ResolutionMode;)Lorg/jetbrains/kotlin/fir/declarations/FirFile;+6
j  org.jetbrains.kotlin.fir.resolve.transformers.body.resolve.FirDeclarationsResolveTransformer$$Lambda+0x00000008006b8d88.invoke()Ljava/lang/Object;+12
j  org.jetbrains.kotlin.fir.resolve.transformers.body.resolve.FirDeclarationsResolveTransformer.withFile(Lorg/jetbrains/kotlin/fir/declarations/FirFile;Lkotlin/jvm/functions/Function0;)Lorg/jetbrains/kotlin/fir/declarations/FirFile;+327
j  org.jetbrains.kotlin.fir.resolve.transformers.body.resolve.FirDeclarationsResolveTransformer.doTransformFile(Lorg/jetbrains/kotlin/fir/declarations/FirFile;Lorg/jetbrains/kotlin/fir/resolve/ResolutionMode;)Lorg/jetbrains/kotlin/fir/declarations/FirFile;+10
j  org.jetbrains.kotlin.fir.resolve.transformers.body.resolve.FirDeclarationsResolveTransformer.transformFile(Lorg/jetbrains/kotlin/fir/declarations/FirFile;Lorg/jetbrains/kotlin/fir/resolve/ResolutionMode;)Lorg/jetbrains/kotlin/fir/declarations/FirFile;+31
j  org.jetbrains.kotlin.fir.resolve.transformers.body.resolve.FirAbstractBodyResolveTransformerDispatcher.transformFile(Lorg/jetbrains/kotlin/fir/declarations/FirFile;Lorg/jetbrains/kotlin/fir/resolve/ResolutionMode;)Lorg/jetbrains/kotlin/fir/declarations/FirFile;+59
j  org.jetbrains.kotlin.fir.resolve.transformers.body.resolve.FirAbstractBodyResolveTransformerDispatcher.transformFile(Lorg/jetbrains/kotlin/fir/declarations/FirFile;Ljava/lang/Object;)Lorg/jetbrains/kotlin/fir/declarations/FirFile;+6
j  org.jetbrains.kotlin.fir.declarations.FirFile.transform(Lorg/jetbrains/kotlin/fir/visitors/FirTransformer;Ljava/lang/Object;)Lorg/jetbrains/kotlin/fir/FirElement;+9
j  org.jetbrains.kotlin.fir.resolve.transformers.body.resolve.FirBodyResolveTransformerAdapter.transformFile(Lorg/jetbrains/kotlin/fir/declarations/FirFile;Ljava/lang/Object;)Lorg/jetbrains/kotlin/fir/declarations/FirFile;+26
j  org.jetbrains.kotlin.fir.declarations.FirFile.transform(Lorg/jetbrains/kotlin/fir/visitors/FirTransformer;Ljava/lang/Object;)Lorg/jetbrains/kotlin/fir/FirElement;+9
j  org.jetbrains.kotlin.fir.resolve.transformers.FirTransformerBasedResolveProcessor.processFile(Lorg/jetbrains/kotlin/fir/declarations/FirFile;)V+12
j  org.jetbrains.kotlin.fir.resolve.transformers.FirTotalResolveProcessor.process(Ljava/util/List;)V+98
j  org.jetbrains.kotlin.fir.pipeline.AnalyseKt.runResolution(Lorg/jetbrains/kotlin/fir/FirSession;Ljava/util/List;)Lkotlin/Pair;+23
j  org.jetbrains.kotlin.fir.pipeline.FirUtilsKt.resolveAndCheckFir(Lorg/jetbrains/kotlin/fir/FirSession;Ljava/util/List;Lorg/jetbrains/kotlin/diagnostics/impl/BaseDiagnosticsCollector;)Lorg/jetbrains/kotlin/fir/pipeline/ModuleCompilerAnalyzedOutput;+23
j  org.jetbrains.kotlin.cli.pipeline.jvm.JvmFrontendPipelinePhase.executePhase(Lorg/jetbrains/kotlin/cli/pipeline/ConfigurationPipelineArtifact;)Lorg/jetbrains/kotlin/cli/pipeline/jvm/JvmFrontendPipelineArtifact;+991
j  org.jetbrains.kotlin.cli.pipeline.jvm.JvmFrontendPipelinePhase.executePhase(Lorg/jetbrains/kotlin/cli/pipeline/PipelineArtifact;)Lorg/jetbrains/kotlin/cli/pipeline/PipelineArtifact;+5
j  org.jetbrains.kotlin.cli.pipeline.PipelinePhase.phaseBody(Lorg/jetbrains/kotlin/cli/pipeline/PipelineContext;Lorg/jetbrains/kotlin/cli/pipeline/PipelineArtifact;)Lorg/jetbrains/kotlin/cli/pipeline/PipelineArtifact;+14
j  org.jetbrains.kotlin.cli.pipeline.PipelinePhase.phaseBody(Lorg/jetbrains/kotlin/config/LoggingContext;Ljava/lang/Object;)Ljava/lang/Object;+9
j  org.jetbrains.kotlin.config.phaser.NamedCompilerPhase.invoke(Lorg/jetbrains/kotlin/config/phaser/PhaseConfig;Lorg/jetbrains/kotlin/config/phaser/PhaserState;Lorg/jetbrains/kotlin/config/LoggingContext;Ljava/lang/Object;)Ljava/lang/Object;+304
j  org.jetbrains.kotlin.backend.common.phaser.CompositePhase.invoke(Lorg/jetbrains/kotlin/config/phaser/PhaseConfig;Lorg/jetbrains/kotlin/config/phaser/PhaserState;Lorg/jetbrains/kotlin/config/LoggingContext;Ljava/lang/Object;)Ljava/lang/Object;+87
j  org.jetbrains.kotlin.config.phaser.CompilerPhaseKt.invokeToplevel(Lorg/jetbrains/kotlin/config/phaser/CompilerPhase;Lorg/jetbrains/kotlin/config/phaser/PhaseConfig;Lorg/jetbrains/kotlin/config/LoggingContext;Ljava/lang/Object;)Ljava/lang/Object;+35
j  org.jetbrains.kotlin.cli.pipeline.AbstractCliPipeline.runPhasedPipeline(Lorg/jetbrains/kotlin/cli/pipeline/ArgumentsPipelineArtifact;)Lorg/jetbrains/kotlin/cli/common/ExitCode;+79
j  org.jetbrains.kotlin.cli.pipeline.AbstractCliPipeline.execute(Lorg/jetbrains/kotlin/cli/common/arguments/CommonCompilerArguments;Lorg/jetbrains/kotlin/config/Services;Lorg/jetbrains/kotlin/cli/common/messages/MessageCollector;)Lorg/jetbrains/kotlin/cli/common/ExitCode;+169
j  org.jetbrains.kotlin.cli.jvm.K2JVMCompiler.doExecutePhased(Lorg/jetbrains/kotlin/cli/common/arguments/K2JVMCompilerArguments;Lorg/jetbrains/kotlin/config/Services;Lorg/jetbrains/kotlin/cli/common/messages/MessageCollector;)Lorg/jetbrains/kotlin/cli/common/ExitCode;+35
j  org.jetbrains.kotlin.cli.jvm.K2JVMCompiler.doExecutePhased(Lorg/jetbrains/kotlin/cli/common/arguments/CommonCompilerArguments;Lorg/jetbrains/kotlin/config/Services;Lorg/jetbrains/kotlin/cli/common/messages/MessageCollector;)Lorg/jetbrains/kotlin/cli/common/ExitCode;+7
j  org.jetbrains.kotlin.cli.common.CLICompiler.execImpl(Lorg/jetbrains/kotlin/cli/common/messages/MessageCollector;Lorg/jetbrains/kotlin/config/Services;Lorg/jetbrains/kotlin/cli/common/arguments/CommonCompilerArguments;)Lorg/jetbrains/kotlin/cli/common/ExitCode;+17
j  org.jetbrains.kotlin.cli.common.CLICompiler.exec(Lorg/jetbrains/kotlin/cli/common/messages/MessageCollector;Lorg/jetbrains/kotlin/config/Services;Lorg/jetbrains/kotlin/cli/common/arguments/CommonCompilerArguments;)Lorg/jetbrains/kotlin/cli/common/ExitCode;+88
j  org.jetbrains.kotlin.cli.common.CLICompiler.exec(Ljava/io/PrintStream;Lorg/jetbrains/kotlin/config/Services;Lorg/jetbrains/kotlin/cli/common/messages/MessageRenderer;[Ljava/lang/String;)Lorg/jetbrains/kotlin/cli/common/ExitCode;+259
j  org.jetbrains.kotlin.cli.common.CLICompiler.exec(Ljava/io/PrintStream;Lorg/jetbrains/kotlin/cli/common/messages/MessageRenderer;[Ljava/lang/String;)Lorg/jetbrains/kotlin/cli/common/ExitCode;+26
j  org.jetbrains.kotlin.cli.common.CLICompiler$Companion.doMainNoExit(Lorg/jetbrains/kotlin/cli/common/CLICompiler;[Ljava/lang/String;Lorg/jetbrains/kotlin/cli/common/messages/MessageRenderer;)Lorg/jetbrains/kotlin/cli/common/ExitCode;+39
j  org.jetbrains.kotlin.cli.common.CLICompiler$Companion.doMainNoExit$default(Lorg/jetbrains/kotlin/cli/common/CLICompiler$Companion;Lorg/jetbrains/kotlin/cli/common/CLICompiler;[Ljava/lang/String;Lorg/jetbrains/kotlin/cli/common/messages/MessageRenderer;ILjava/lang/Object;)Lorg/jetbrains/kotlin/cli/common/ExitCode;+16
j  org.jetbrains.kotlin.cli.common.CLICompiler$Companion.doMain(Lorg/jetbrains/kotlin/cli/common/CLICompiler;[Ljava/lang/String;)V+54
j  org.jetbrains.kotlin.cli.jvm.K2JVMCompiler$Companion.main([Ljava/lang/String;)V+20
j  org.jetbrains.kotlin.cli.jvm.K2JVMCompiler.main([Ljava/lang/String;)V+4
v  ~StubRoutines::call_stub 0x000001dc685d100d

Compiled method (n/a) 16812 1622     n 0       java.lang.ClassLoader::defineClass0 (native)
 total in heap  [0x000001dc68d8d510,0x000001dc68d8dad0] = 1472
 relocation     [0x000001dc68d8d670,0x000001dc68d8d6a8] = 56
 main code      [0x000001dc68d8d6c0,0x000001dc68d8dacc] = 1036
 stub code      [0x000001dc68d8dacc,0x000001dc68d8dad0] = 4

[Constant Pool (empty)]

[MachCode]
[Entry Point]
  # {method} {0x000001dc790251c0} 'defineClass0' '(Ljava/lang/ClassLoader;Ljava/lang/Class;Ljava/lang/String;[BIILjava/security/ProtectionDomain;ZILjava/lang/Object;)Ljava/lang/Class;' in 'java/lang/ClassLoader'
  # parm0:    rdx:rdx   = 'java/lang/ClassLoader'
  # parm1:    r8:r8     = 'java/lang/Class'
  # parm2:    r9:r9     = 'java/lang/String'
  # parm3:    rdi:rdi   = '[B'
  # parm4:    rsi       = int
  # parm5:    rcx       = int
  # parm6:    [sp+0xb0]   = 'java/security/ProtectionDomain'  (sp of caller)
  # parm7:    [sp+0xb8]   = boolean
  # parm8:    [sp+0xc0]   = int
  # parm9:    [sp+0xc8]   = 'java/lang/Object'
  0x000001dc68d8d6c0: 448b 5208 | 49bb 0000 | 0000 0800 | 0000 4d03 | d349 3bc2 | 0f84 0600 

  0x000001dc68d8d6d8: ;   {runtime_call ic_miss_stub}
  0x000001dc68d8d6d8: 0000 e9a1 | 1089 ff90 
[Verified Entry Point]
  0x000001dc68d8d6e0: 8984 2400 | 80ff ff55 | 488b ec48 | 81ec a000 | 0000 6690 | 4181 7f20 | 0700 0000 

  0x000001dc68d8d6fc: ;   {runtime_call StubRoutines (final stubs)}
  0x000001dc68d8d6fc: 7405 e8dd | db87 ff48 | 837d 2800 | 488d 4528 | 480f 4445 | 2848 8944 | 2458 4863 | 4520 4889 
  0x000001dc68d8d71c: 4424 5048 | 6345 1848 | 8944 2448 | 4883 7d10 | 0048 8d45 | 1048 0f44 | 4510 4889 | 4424 4048 
  0x000001dc68d8d73c: 894c 2438 | 4889 7424 | 3048 897c | 2478 4883 | ff00 488d | 4424 7848 | 0f44 4424 | 7848 8944 
  0x000001dc68d8d75c: 2428 4c89 | 4c24 7049 | 83f9 0048 | 8d44 2470 | 480f 4444 | 2470 4889 | 4424 204c | 8944 2468 
  0x000001dc68d8d77c: 4983 f800 | 4c8d 4c24 | 684c 0f44 | 4c24 6848 | 8954 2460 | 4883 fa00 | 4c8d 4424 | 604c 0f44 
  0x000001dc68d8d79c: ;   {oop(a 'java/lang/Class'{0x000000070622c0c8} = 'java/lang/ClassLoader')}
  0x000001dc68d8d79c: 4424 6049 | bec8 c022 | 0607 0000 | 004c 89b4 | 2490 0000 | 004c 8db4 | 2490 0000 | 0049 8bd6 
  0x000001dc68d8d7bc: ;   {internal_word}
  0x000001dc68d8d7bc: c5f8 7749 | babc d7d8 | 68dc 0100 | 004d 8997 | a803 0000 | 4989 a7a0 

  0x000001dc68d8d7d4: ;   {external_word}
  0x000001dc68d8d7d4: 0300 0049 | baa8 fa2f | 84fa 7f00 | 0041 803a | 000f 844e | 0000 0052 | 4150 4151 

  0x000001dc68d8d7f0: ;   {metadata({method} {0x000001dc790251c0} 'defineClass0' '(Ljava/lang/ClassLoader;Ljava/lang/Class;Ljava/lang/String;[BIILjava/security/ProtectionDomain;ZILjava/lang/Object;)Ljava/lang/Class;' in 'java/lang/ClassLoader')}
  0x000001dc68d8d7f0: 48ba b851 | 0279 dc01 | 0000 498b | cf48 83ec | 2040 f6c4 | 0f0f 8419 | 0000 0048 

  0x000001dc68d8d80c: ;   {runtime_call}
  0x000001dc68d8d80c: 83ec 0848 | b830 e9e9 | 83fa 7f00 | 00ff d048 | 83c4 08e9 | 0c00 0000 

  0x000001dc68d8d824: ;   {runtime_call}
  0x000001dc68d8d824: 48b8 30e9 | e983 fa7f | 0000 ffd0 | 4883 c420 | 4159 4158 | 5a49 8d8f | c003 0000 | 41c7 874c 
  0x000001dc68d8d844: 0400 0004 

  0x000001dc68d8d848: ;   {runtime_call}
  0x000001dc68d8d848: 0000 0048 | b81c 1550 | 54fb 7f00 | 00ff d0c5 | f877 41c7 | 874c 0400 | 0005 0000 | 00f0 8344 
  0x000001dc68d8d868: 24c0 0049 | 3baf 5004 | 0000 0f87 | 0e00 0000 | 4183 bf48 | 0400 0000 | 0f84 2b00 | 0000 c5f8 
  0x000001dc68d8d888: 7748 8945 | f849 8bcf | 4c8b e448 | 83ec 2048 

  0x000001dc68d8d898: ;   {runtime_call}
  0x000001dc68d8d898: 83e4 f048 | b8e0 1eb5 | 83fa 7f00 | 00ff d049 | 8be4 4d33 | e448 8b45 | f841 c787 | 4c04 0000 
  0x000001dc68d8d8b8: 0800 0000 | 4183 bfc8 | 0400 0002 | 0f84 d501 

  0x000001dc68d8d8c8: ;   {external_word}
  0x000001dc68d8d8c8: 0000 49ba | a8fa 2f84 | fa7f 0000 | 4180 3a00 | 0f84 4c00 | 0000 4889 

  0x000001dc68d8d8e0: ;   {metadata({method} {0x000001dc790251c0} 'defineClass0' '(Ljava/lang/ClassLoader;Ljava/lang/Class;Ljava/lang/String;[BIILjava/security/ProtectionDomain;ZILjava/lang/Object;)Ljava/lang/Class;' in 'java/lang/ClassLoader')}
  0x000001dc68d8d8e0: 45f8 48ba | b851 0279 | dc01 0000 | 498b cf48 | 83ec 2040 | f6c4 0f0f | 8419 0000 | 0048 83ec 
  0x000001dc68d8d900: ;   {runtime_call}
  0x000001dc68d8d900: 0848 b830 | e9e9 83fa | 7f00 00ff | d048 83c4 | 08e9 0c00 

  0x000001dc68d8d914: ;   {runtime_call}
  0x000001dc68d8d914: 0000 48b8 | 30e9 e983 | fa7f 0000 | ffd0 4883 | c420 488b | 45f8 49c7 | 87a0 0300 | 0000 0000 
  0x000001dc68d8d934: 0049 c787 | a803 0000 | 0000 0000 | c5f8 7748 | 85c0 0f84 | 3001 0000 | a803 0f85 | 0800 0000 
  0x000001dc68d8d954: 488b 00e9 | 2001 0000 | a801 0f85 | 0900 0000 | 488b 40fe | e90f 0100 | 0048 8b40 | ff41 807f 
  0x000001dc68d8d974: 4000 0f84 | 0001 0000 | 4883 f800 | 0f84 f600 | 0000 498b | 4f28 4883 | f900 0f84 | 1400 0000 
  0x000001dc68d8d994: 4883 e908 | 4989 4f28 | 4903 4f38 | 4889 01e9 | d400 0000 | 4883 ec70 | 4889 0424 | 4889 4c24 
  0x000001dc68d8d9b4: 0848 8954 | 2410 4c89 | 4424 184c | 894c 2420 | 4c89 5424 | 284c 895c | 2430 c5fb | 1144 2440 
  0x000001dc68d8d9d4: c5fb 114c | 2448 c5fb | 1154 2450 | c5fb 115c | 2458 c5fb | 1164 2460 | c5fb 116c | 2468 498b 
  0x000001dc68d8d9f4: d748 8bc8 | 4883 ec20 | 40f6 c40f | 0f84 1900 | 0000 4883 

  0x000001dc68d8da08: ;   {runtime_call}
  0x000001dc68d8da08: ec08 48b8 | 002a a883 | fa7f 0000 | ffd0 4883 | c408 e90c 

  0x000001dc68d8da1c: ;   {runtime_call}
  0x000001dc68d8da1c: 0000 0048 | b800 2aa8 | 83fa 7f00 | 00ff d048 | 83c4 20c5 | fb10 6c24 | 68c5 fb10 | 6424 60c5 
  0x000001dc68d8da3c: fb10 5c24 | 58c5 fb10 | 5424 50c5 | fb10 4c24 | 48c5 fb10 | 4424 404c | 8b5c 2430 | 4c8b 5424 
  0x000001dc68d8da5c: 284c 8b4c | 2420 4c8b | 4424 1848 | 8b54 2410 | 488b 4c24 | 0848 8b04 | 2448 83c4 | 70c5 f877 
  0x000001dc68d8da7c: 498b 8f30 | 0400 00c7 | 8100 0100 | 0000 0000 | 00c9 4983 | 7f08 000f | 8501 0000 

  0x000001dc68d8da98: ;   {runtime_call StubRoutines (initial stubs)}
  0x000001dc68d8da98: 00c3 e961 | 3484 ffc5 | f877 4889 | 45f8 4c8b | e448 83ec | 2048 83e4 

  0x000001dc68d8dab0: ;   {runtime_call}
  0x000001dc68d8dab0: f048 b880 | 20ea 83fa | 7f00 00ff | d049 8be4 | 4d33 e448 | 8b45 f8e9 | fefd ffff 
[Stub Code]
  0x000001dc68d8dacc: f4f4 f4f4 
[/MachCode]


Compiled method (c1) 16829 1809       3       java.lang.System$2::defineClass (21 bytes)
 total in heap  [0x000001dc614a8710,0x000001dc614a8af0] = 992
 relocation     [0x000001dc614a8870,0x000001dc614a88b0] = 64
 main code      [0x000001dc614a88c0,0x000001dc614a89f8] = 312
 stub code      [0x000001dc614a89f8,0x000001dc614a8a38] = 64
 metadata       [0x000001dc614a8a38,0x000001dc614a8a40] = 8
 scopes data    [0x000001dc614a8a40,0x000001dc614a8a88] = 72
 scopes pcs     [0x000001dc614a8a88,0x000001dc614a8ad8] = 80
 dependencies   [0x000001dc614a8ad8,0x000001dc614a8ae0] = 8
 nul chk table  [0x000001dc614a8ae0,0x000001dc614a8af0] = 16

[Constant Pool (empty)]

[MachCode]
[Entry Point]
  # {method} {0x000001dc791a9438} 'defineClass' '(Ljava/lang/ClassLoader;Ljava/lang/Class;Ljava/lang/String;[BLjava/security/ProtectionDomain;ZILjava/lang/Object;)Ljava/lang/Class;' in 'java/lang/System$2'
  # this:     rdx:rdx   = 'java/lang/System$2'
  # parm0:    r8:r8     = 'java/lang/ClassLoader'
  # parm1:    r9:r9     = 'java/lang/Class'
  # parm2:    rdi:rdi   = 'java/lang/String'
  # parm3:    rsi:rsi   = '[B'
  # parm4:    rcx:rcx   = 'java/security/ProtectionDomain'
  # parm5:    [sp+0x70]   = boolean  (sp of caller)
  # parm6:    [sp+0x78]   = int
  # parm7:    [sp+0x80]   = 'java/lang/Object'
  0x000001dc614a88c0: 448b 5208 | 49bb 0000 | 0000 0800 | 0000 4d03 | d34c 3bd0 

  0x000001dc614a88d4: ;   {runtime_call ic_miss_stub}
  0x000001dc614a88d4: 0f85 a65e | 1707 660f | 1f44 0000 
[Verified Entry Point]
  0x000001dc614a88e0: 8984 2400 | 80ff ff55 | 4883 ec60 | 4181 7f20 | 0700 0000 

  0x000001dc614a88f4: ;   {runtime_call StubRoutines (final stubs)}
  0x000001dc614a88f4: 7405 e8e5 | 2916 0748 

  0x000001dc614a88fc: ;   {metadata(method data for {method} {0x000001dc791a9438} 'defineClass' '(Ljava/lang/ClassLoader;Ljava/lang/Class;Ljava/lang/String;[BLjava/security/ProtectionDomain;ZILjava/lang/Object;)Ljava/lang/Class;' in 'java/lang/System$2')}
  0x000001dc614a88fc: 8bd9 48b9 | c009 377a | dc01 0000 | 8b81 cc00 | 0000 83c0 | 0289 81cc | 0000 0025 | fe07 0000 
  0x000001dc614a891c: 85c0 0f84 | 6b00 0000 | 4c8b ac24 | 8000 0000 | 448b 5c24 | 788b 4424 | 708b 4e0c 

  0x000001dc614a8938: ;   {metadata(method data for {method} {0x000001dc791a9438} 'defineClass' '(Ljava/lang/ClassLoader;Ljava/lang/Class;Ljava/lang/String;[BLjava/security/ProtectionDomain;ZILjava/lang/Object;)Ljava/lang/Class;' in 'java/lang/System$2')}
  0x000001dc614a8938: 48ba c009 | 377a dc01 | 0000 4883 | 8210 0100 | 0001 498b | d04d 8bc1 | 4c8b cf48 | 8bfe be00 
  0x000001dc614a8958: 0000 0048 | 891c 2489 | 4424 0844 | 895c 2410 | 4c89 6c24 

  0x000001dc614a896c: ;   {static_call}
  0x000001dc614a896c: 1866 90e8 

  0x000001dc614a8970: ; ImmutableOopMap {}
                      ;*invokestatic defineClass0 {reexecute=0 rethrow=0 return_oop=0}
                      ; - java.lang.System$2::defineClass@17
  0x000001dc614a8970: 6c4d 8e07 

  0x000001dc614a8974: ;   {other}
  0x000001dc614a8974: 0f1f 8400 | 6402 0000 | 4883 c460 

  0x000001dc614a8980: ;   {poll_return}
  0x000001dc614a8980: 5d49 3ba7 | 5004 0000 | 0f87 2700 

  0x000001dc614a898c: ;   {metadata({method} {0x000001dc791a9438} 'defineClass' '(Ljava/lang/ClassLoader;Ljava/lang/Class;Ljava/lang/String;[BLjava/security/ProtectionDomain;ZILjava/lang/Object;)Ljava/lang/Class;' in 'java/lang/System$2')}
  0x000001dc614a898c: 0000 c349 | ba30 941a | 79dc 0100 | 004c 8954 | 2408 48c7 | 0424 ffff 

  0x000001dc614a89a4: ;   {runtime_call counter_overflow Runtime1 stub}
  0x000001dc614a89a4: ffff e855 

  0x000001dc614a89a8: ; ImmutableOopMap {rdx=Oop r8=Oop r9=Oop rdi=Oop rsi=Oop rbx=Oop [128]=Oop }
                      ;*synchronization entry
                      ; - java.lang.System$2::defineClass@-1
  0x000001dc614a89a8: 4a23 07e9 | 74ff ffff 

  0x000001dc614a89b0: ;   {runtime_call throw_null_pointer_exception Runtime1 stub}
  0x000001dc614a89b0: e84b f922 

  0x000001dc614a89b4: ; ImmutableOopMap {r8=Oop r9=Oop rdi=Oop rsi=Oop rbx=Oop r13=Oop [128]=Oop }
                      ;*arraylength {reexecute=0 rethrow=0 return_oop=0}
                      ; - java.lang.System$2::defineClass@8
                      ;   {internal_word}
  0x000001dc614a89b4: 0749 ba81 | 894a 61dc | 0100 004d | 8997 6804 

  0x000001dc614a89c4: ;   {runtime_call SafepointBlob}
  0x000001dc614a89c4: 0000 e9b5 | ca17 0749 | 8b87 0005 | 0000 49c7 | 8700 0500 | 0000 0000 | 0049 c787 | 0805 0000 
  0x000001dc614a89e4: 0000 0000 | 4883 c460 

  0x000001dc614a89ec: ;   {runtime_call unwind_exception Runtime1 stub}
  0x000001dc614a89ec: 5de9 0eea | 2207 f4f4 | f4f4 f4f4 
[Stub Code]
  0x000001dc614a89f8: ;   {no_reloc}
  0x000001dc614a89f8: 48bb 0000 | 0000 0000 

  0x000001dc614a8a00: ;   {runtime_call nmethod}
  0x000001dc614a8a00: 0000 e9fb 

  0x000001dc614a8a04: ;   {runtime_call handle_exception_from_callee Runtime1 stub}
  0x000001dc614a8a04: ffff ffe8 | f416 2307 

  0x000001dc614a8a0c: ;   {external_word}
  0x000001dc614a8a0c: 48b9 d061 | 0a84 fa7f | 0000 4883 

  0x000001dc614a8a18: ;   {runtime_call}
  0x000001dc614a8a18: e4f0 48b8 | 90db d883 | fa7f 0000 

  0x000001dc614a8a24: ;   {section_word}
  0x000001dc614a8a24: ffd0 f449 | ba27 8a4a | 61dc 0100 

  0x000001dc614a8a30: ;   {runtime_call DeoptimizationBlob}
  0x000001dc614a8a30: 0041 52e9 | e8bc 1707 
[/MachCode]


Compiled method (c1) 16837 1808   !   3       java.lang.invoke.MethodHandles$Lookup$ClassDefiner::defineClass (213 bytes)
 total in heap  [0x000001dc614a9a10,0x000001dc614aace8] = 4824
 relocation     [0x000001dc614a9b70,0x000001dc614a9c90] = 288
 main code      [0x000001dc614a9ca0,0x000001dc614aa758] = 2744
 stub code      [0x000001dc614aa758,0x000001dc614aa7d0] = 120
 metadata       [0x000001dc614aa7d0,0x000001dc614aa858] = 136
 scopes data    [0x000001dc614aa858,0x000001dc614aaa70] = 536
 scopes pcs     [0x000001dc614aaa70,0x000001dc614aac30] = 448
 dependencies   [0x000001dc614aac30,0x000001dc614aac58] = 40
 handler table  [0x000001dc614aac58,0x000001dc614aaca0] = 72
 nul chk table  [0x000001dc614aaca0,0x000001dc614aace8] = 72

[Constant Pool (empty)]

[MachCode]
[Entry Point]
  # {method} {0x000001dc795e6228} 'defineClass' '(ZLjava/lang/Object;)Ljava/lang/Class;' in 'java/lang/invoke/MethodHandles$Lookup$ClassDefiner'
  # this:     rdx:rdx   = 'java/lang/invoke/MethodHandles$Lookup$ClassDefiner'
  # parm0:    r8        = boolean
  # parm1:    r9:r9     = 'java/lang/Object'
  #           [sp+0xf0]  (sp of caller)
  0x000001dc614a9ca0: 448b 5208 | 49bb 0000 | 0000 0800 | 0000 4d03 | d34c 3bd0 

  0x000001dc614a9cb4: ;   {runtime_call ic_miss_stub}
  0x000001dc614a9cb4: 0f85 c64a | 1707 660f | 1f44 0000 
[Verified Entry Point]
  0x000001dc614a9cc0: 8984 2400 | 80ff ff55 | 4881 ece0 | 0000 0090 | 4181 7f20 | 0700 0000 

  0x000001dc614a9cd8: ;   {runtime_call StubRoutines (final stubs)}
  0x000001dc614a9cd8: 7405 e801 | 1616 0748 | 8994 2498 | 0000 0044 | 8984 24b0 | 0000 004c | 898c 24b8 

  0x000001dc614a9cf4: ;   {metadata(method data for {method} {0x000001dc795e6228} 'defineClass' '(ZLjava/lang/Object;)Ljava/lang/Class;' in 'java/lang/invoke/MethodHandles$Lookup$ClassDefiner')}
  0x000001dc614a9cf4: 0000 0048 | beb0 fc36 | 7adc 0100 | 008b becc | 0000 0083 | c702 89be | cc00 0000 | 81e7 fe07 
  0x000001dc614a9d14: 0000 85ff | 0f84 b307 | 0000 8b72 | 1048 c1e6 | 0348 89b4 | 2490 0000 | 0048 3b06 

  0x000001dc614a9d30: ;   {metadata(method data for {method} {0x000001dc795e6228} 'defineClass' '(ZLjava/lang/Object;)Ljava/lang/Class;' in 'java/lang/invoke/MethodHandles$Lookup$ClassDefiner')}
  0x000001dc614a9d30: 488b fe48 | bbb0 fc36 | 7adc 0100 | 0048 8383 | 1001 0000 | 018b 7e10 | 48c1 e703 | 4889 bc24 
  0x000001dc614a9d50: a800 0000 

  0x000001dc614a9d54: ; implicit exception: dispatches to 0x000001dc614aa4f7
  0x000001dc614a9d54: 483b 0748 

  0x000001dc614a9d58: ;   {metadata(method data for {method} {0x000001dc795e6228} 'defineClass' '(ZLjava/lang/Object;)Ljava/lang/Class;' in 'java/lang/invoke/MethodHandles$Lookup$ClassDefiner')}
  0x000001dc614a9d58: 8bdf 48b8 | b0fc 367a | dc01 0000 | 4883 8048 | 0100 0001 

  0x000001dc614a9d6c: ;   {metadata(method data for {method} {0x000001dc79017c50} 'getClassLoader' '()Ljava/lang/ClassLoader;' in 'java/lang/Class')}
  0x000001dc614a9d6c: 48bb b824 | 6779 dc01 | 0000 8b83 | cc00 0000 | 83c0 0289 | 83cc 0000 | 0025 feff | 1f00 85c0 
  0x000001dc614a9d8c: 0f84 6a07 | 0000 8b5f | 3448 c1e3 | 0348 85db 

  0x000001dc614a9d9c: ;   {metadata(method data for {method} {0x000001dc79017c50} 'getClassLoader' '()Ljava/lang/ClassLoader;' in 'java/lang/Class')}
  0x000001dc614a9d9c: 48b8 b824 | 6779 dc01 | 0000 48c7 | c110 0100 | 0075 0748 | c7c1 2001 | 0000 4c8b | 1c08 4d8d 
  0x000001dc614a9dbc: 5b01 4c89 | 1c08 0f85 | 0f00 0000 

  0x000001dc614a9dc8: ;   {oop(nullptr)}
  0x000001dc614a9dc8: 48bb 0000 | 0000 0000 | 0000 e9a2 

  0x000001dc614a9dd4: ;   {metadata(method data for {method} {0x000001dc79017c50} 'getClassLoader' '()Ljava/lang/ClassLoader;' in 'java/lang/Class')}
  0x000001dc614a9dd4: 0000 0048 | b8b8 2467 | 79dc 0100 | 0048 8380 | 3001 0000 

  0x000001dc614a9de8: ;   {metadata(method data for {method} {0x000001dc7902bd08} 'getSecurityManager' '()Ljava/lang/SecurityManager;' in 'java/lang/System')}
  0x000001dc614a9de8: 0148 b800 | 6c5e 79dc | 0100 008b | 88cc 0000 | 0083 c102 | 8988 cc00 | 0000 81e1 | feff 1f00 
  0x000001dc614a9e08: 85c9 0f84 | 0d07 0000 

  0x000001dc614a9e10: ;   {metadata(method data for {method} {0x000001dc7902bd08} 'getSecurityManager' '()Ljava/lang/SecurityManager;' in 'java/lang/System')}
  0x000001dc614a9e10: 48b8 006c | 5e79 dc01 | 0000 4883 | 8010 0100 

  0x000001dc614a9e20: ;   {metadata(method data for {method} {0x000001dc7902b140} 'allowSecurityManager' '()Z' in 'java/lang/System')}
  0x000001dc614a9e20: 0001 48b8 | 786d 5e79 | dc01 0000 | 8b88 cc00 | 0000 83c1 | 0289 88cc | 0000 0081 | e1fe ff1f 
  0x000001dc614a9e40: 0085 c90f | 84f5 0600 

  0x000001dc614a9e48: ;   {metadata(method data for {method} {0x000001dc7902b140} 'allowSecurityManager' '()Z' in 'java/lang/System')}
  0x000001dc614a9e48: 0048 b878 | 6d5e 79dc | 0100 00ff | 8010 0100 

  0x000001dc614a9e58: ;   {metadata(method data for {method} {0x000001dc7902bd08} 'getSecurityManager' '()Ljava/lang/SecurityManager;' in 'java/lang/System')}
  0x000001dc614a9e58: 0048 b800 | 6c5e 79dc | 0100 00ff | 8020 0100 

  0x000001dc614a9e68: ;   {metadata(method data for {method} {0x000001dc79017c50} 'getClassLoader' '()Ljava/lang/ClassLoader;' in 'java/lang/Class')}
  0x000001dc614a9e68: 0048 b8b8 | 2467 79dc | 0100 00ff | 8040 0100 | 0048 85db 

  0x000001dc614a9e7c: ;   {metadata(method data for {method} {0x000001dc795e6228} 'defineClass' '(ZLjava/lang/Object;)Ljava/lang/Class;' in 'java/lang/invoke/MethodHandles$Lookup$ClassDefiner')}
  0x000001dc614a9e7c: 48b8 b0fc | 367a dc01 | 0000 48c7 | c180 0100 | 0074 0748 | c7c1 9001 | 0000 4c8b | 1c08 4d8d 
  0x000001dc614a9e9c: 5b01 4c89 | 1c08 0f84 | 5f02 0000 

  0x000001dc614a9ea8: ;   {metadata(method data for {method} {0x000001dc795e6228} 'defineClass' '(ZLjava/lang/Object;)Ljava/lang/Class;' in 'java/lang/invoke/MethodHandles$Lookup$ClassDefiner')}
  0x000001dc614a9ea8: 488b c648 | b9b0 fc36 | 7adc 0100 | 0048 8381 | a001 0000 

  0x000001dc614a9ebc: ;   {metadata(method data for {method} {0x000001dc792cc630} 'lookupClassProtectionDomain' '()Ljava/security/ProtectionDomain;' in 'java/lang/invoke/MethodHandles$Lookup')}
  0x000001dc614a9ebc: 0148 b8d0 | 0437 7adc | 0100 008b | 88cc 0000 | 0083 c102 | 8988 cc00 | 0000 81e1 | feff 1f00 
  0x000001dc614a9edc: 85c9 0f84 | 7b06 0000 | 8b46 1848 | c1e0 0348 

  0x000001dc614a9eec: ;   {metadata(method data for {method} {0x000001dc792cc630} 'lookupClassProtectionDomain' '()Ljava/security/ProtectionDomain;' in 'java/lang/invoke/MethodHandles$Lookup')}
  0x000001dc614a9eec: 85c0 48b9 | d004 377a | dc01 0000 | 49c7 c310 | 0100 0075 | 0749 c7c3 | 2001 0000 | 4e8b 2c19 
  0x000001dc614a9f0c: 4d8d 6d01 | 4e89 2c19 | 4889 9c24 | a000 0000 | 0f85 cf01 

  0x000001dc614a9f20: ;   {metadata(method data for {method} {0x000001dc792cc630} 'lookupClassProtectionDomain' '()Ljava/security/ProtectionDomain;' in 'java/lang/invoke/MethodHandles$Lookup')}
  0x000001dc614a9f20: 0000 48b8 | d004 377a | dc01 0000 | 4883 8030 | 0100 0001 

  0x000001dc614a9f34: ;   {metadata(method data for {method} {0x000001dc79185510} 'getJavaLangAccess' '()Ljdk/internal/access/JavaLangAccess;' in 'jdk/internal/access/SharedSecrets')}
  0x000001dc614a9f34: 48b8 902d | 9479 dc01 | 0000 8b88 | cc00 0000 | 83c1 0289 | 88cc 0000 | 0081 e1fe | ff1f 0085 
  0x000001dc614a9f54: c90f 8425 

  0x000001dc614a9f58: ;   {oop(a 'java/lang/Class'{0x00000007063e11e0} = 'jdk/internal/access/SharedSecrets')}
  0x000001dc614a9f58: 0600 0048 | b8e0 113e | 0607 0000 | 008b 407c | 48c1 e003 | 8b4e 1048 | c1e1 0348 | 85c0 0f84 
  0x000001dc614a9f78: 2a00 0000 

  0x000001dc614a9f7c: ;   {metadata('java/lang/System$2')}
  0x000001dc614a9f7c: 48be 3859 | 0600 0800 | 0000 448b | 7008 49ba | 0000 0000 | 0800 0000 | 4d03 f249 | 3b76 380f 
  0x000001dc614a9f9c: 8500 0600 | 00e9 0000 | 0000 4c8b | d848 3b00 

  0x000001dc614a9fac: ;   {metadata(method data for {method} {0x000001dc792cc630} 'lookupClassProtectionDomain' '()Ljava/security/ProtectionDomain;' in 'java/lang/invoke/MethodHandles$Lookup')}
  0x000001dc614a9fac: 48be d004 | 377a dc01 

  0x000001dc614a9fb4: ;   {metadata('java/lang/System$2')}
  0x000001dc614a9fb4: 0000 49ba | 3859 0600 | 0800 0000 | 4c89 9650 | 0100 0048 | 8386 5801 

  0x000001dc614a9fcc: ;   {metadata(method data for {method} {0x000001dc791aadf0} 'protectionDomain' '(Ljava/lang/Class;)Ljava/security/ProtectionDomain;' in 'java/lang/System$2')}
  0x000001dc614a9fcc: 0000 0148 | be88 0637 | 7adc 0100 | 008b 86cc | 0000 0083 | c002 8986 | cc00 0000 | 25fe ff1f 
  0x000001dc614a9fec: 0085 c00f | 84b6 0500 | 0048 3b01 

  0x000001dc614a9ff8: ;   {metadata(method data for {method} {0x000001dc791aadf0} 'protectionDomain' '(Ljava/lang/Class;)Ljava/security/ProtectionDomain;' in 'java/lang/System$2')}
  0x000001dc614a9ff8: 488b f148 | b888 0637 | 7adc 0100 | 0048 8380 | 1001 0000 

  0x000001dc614aa00c: ;   {metadata(method data for {method} {0x000001dc7901b6b0} 'protectionDomain' '()Ljava/security/ProtectionDomain;' in 'java/lang/Class')}
  0x000001dc614aa00c: 0148 be18 | 0837 7adc | 0100 008b | 86cc 0000 | 0083 c002 | 8986 cc00 | 0000 25fe | ff1f 0085 
  0x000001dc614aa02c: c00f 849e | 0500 0048 

  0x000001dc614aa034: ;   {metadata(method data for {method} {0x000001dc7901b6b0} 'protectionDomain' '()Ljava/security/ProtectionDomain;' in 'java/lang/Class')}
  0x000001dc614aa034: 8bf1 48b8 | 1808 377a | dc01 0000 | 4883 8010 | 0100 0001 | 488b d10f 

  0x000001dc614aa04c: ;   {optimized virtual_call}
  0x000001dc614aa04c: 1f40 00e8 

  0x000001dc614aa050: ; ImmutableOopMap {[144]=Oop [152]=Oop [160]=Oop [168]=Oop [184]=Oop }
                      ;*invokevirtual getProtectionDomain0 {reexecute=0 rethrow=0 return_oop=0}
                      ; - java.lang.Class::protectionDomain@1
                      ; - java.lang.System$2::protectionDomain@1
                      ; - java.lang.invoke.MethodHandles$Lookup::lookupClassProtectionDomain@17
                      ; - java.lang.invoke.MethodHandles$Lookup$ClassDefiner::defineClass@23
  0x000001dc614aa050: 8c86 9107 

  0x000001dc614aa054: ;   {other}
  0x000001dc614aa054: 0f1f 8400 | 4406 0000 

  0x000001dc614aa05c: ;   {metadata(method data for {method} {0x000001dc7901b6b0} 'protectionDomain' '()Ljava/security/ProtectionDomain;' in 'java/lang/Class')}
  0x000001dc614aa05c: 4885 c049 | b818 0837 | 7adc 0100 | 0049 c7c1 | 4801 0000 | 7507 49c7 | c158 0100 | 004b 8b3c 
  0x000001dc614aa07c: 0848 8d7f | 014b 893c | 080f 8525 | 0000 000f | 1f44 0000 

  0x000001dc614aa090: ;   {no_reloc}
  0x000001dc614aa090: e9d5 0500 | 0000 0000 | 0000 660f | 1f44 0000 

  0x000001dc614aa0a0: ; implicit exception: dispatches to 0x000001dc614aa674
  0x000001dc614aa0a0: e9e0 0500 | 0090 9049 | c1e0 03e9 | 0300 0000 | 4c8b c048 | 8bb4 2490 | 0000 0045 | 0fbe 4f40 
  0x000001dc614aa0c0: 4585 c90f | 85c6 0500 | 004d 8bd0 | 49c1 ea03 | 4489 5618 | f083 4424 | c000 4c8b | ce4d 33c8 
  0x000001dc614aa0e0: 49c1 e915 | 4983 f900 | 0f85 c105 | 0000 498b 

  0x000001dc614aa0f0: ;   {metadata(method data for {method} {0x000001dc795e6228} 'defineClass' '(ZLjava/lang/Object;)Ljava/lang/Class;' in 'java/lang/invoke/MethodHandles$Lookup$ClassDefiner')}
  0x000001dc614aa0f0: c049 b8b0 | fc36 7adc | 0100 0041 | ff80 d801 | 0000 e912 | 0000 0048 | 899c 24a0 

  0x000001dc614aa10c: ;   {oop(nullptr)}
  0x000001dc614aa10c: 0000 0048 | b800 0000 | 0000 0000 | 0048 8b9c | 24a0 0000 | 0048 8bbc | 24a8 0000 | 0048 8b94 
  0x000001dc614aa12c: 2498 0000 

  0x000001dc614aa130: ;   {metadata(method data for {method} {0x000001dc795e6228} 'defineClass' '(ZLjava/lang/Object;)Ljava/lang/Class;' in 'java/lang/invoke/MethodHandles$Lookup$ClassDefiner')}
  0x000001dc614aa130: 0049 b8b0 | fc36 7adc | 0100 0049 | 8380 f001 

  0x000001dc614aa140: ;   {metadata(method data for {method} {0x000001dc79185510} 'getJavaLangAccess' '()Ljdk/internal/access/JavaLangAccess;' in 'jdk/internal/access/SharedSecrets')}
  0x000001dc614aa140: 0000 0149 | b890 2d94 | 79dc 0100 | 0045 8b88 | cc00 0000 | 4183 c102 | 4589 88cc | 0000 0041 
  0x000001dc614aa160: 81e1 feff | 1f00 4585 | c90f 8458 

  0x000001dc614aa16c: ;   {oop(a 'java/lang/Class'{0x00000007063e11e0} = 'jdk/internal/access/SharedSecrets')}
  0x000001dc614aa16c: 0500 0049 | b8e0 113e | 0607 0000 | 0045 8b70 | 7c49 c1e6 | 038b 7214 | 48c1 e603 | 8b4a 1848 
  0x000001dc614aa18c: c1e1 0344 | 8b4a 0c4d | 85f6 0f84 | 2a00 0000 

  0x000001dc614aa19c: ;   {metadata('java/lang/System$2')}
  0x000001dc614aa19c: 49bb 3859 | 0600 0800 | 0000 458b | 6e08 49ba | 0000 0000 | 0800 0000 | 4d03 ea4d | 3b5d 380f 
  0x000001dc614aa1bc: 8527 0500 | 00e9 0000 | 0000 4d8b | c649 3b06 

  0x000001dc614aa1cc: ;   {metadata(method data for {method} {0x000001dc795e6228} 'defineClass' '(ZLjava/lang/Object;)Ljava/lang/Class;' in 'java/lang/invoke/MethodHandles$Lookup$ClassDefiner')}
  0x000001dc614aa1cc: 4d8b c648 | bab0 fc36 | 7adc 0100 

  0x000001dc614aa1d8: ;   {metadata('java/lang/System$2')}
  0x000001dc614aa1d8: 0049 ba38 | 5906 0008 | 0000 004c | 8992 1002 | 0000 4883 | 8218 0200 | 0001 4c8b | c349 8bd1 
  0x000001dc614aa1f8: 4c8b cf48 | 8bfe 488b | f148 8bc8 | 8b84 24b0 | 0000 0089 | 0424 8954 | 2408 488b | 9424 b800 
  0x000001dc614aa218: 0000 4889 | 5424 1049 | 8bd6 0f1f 

  0x000001dc614aa224: ;   {optimized virtual_call}
  0x000001dc614aa224: 4400 00e8 

  0x000001dc614aa228: ; ImmutableOopMap {[152]=Oop [168]=Oop }
                      ;*invokeinterface defineClass {reexecute=0 rethrow=0 return_oop=0}
                      ; - java.lang.invoke.MethodHandles$Lookup$ClassDefiner::defineClass@57
  0x000001dc614aa228: b4e6 ffff 

  0x000001dc614aa22c: ;   {other}
  0x000001dc614aa22c: 0f1f 8400 | 1c08 0001 

  0x000001dc614aa234: ;   {metadata(method data for {method} {0x000001dc795e6228} 'defineClass' '(ZLjava/lang/Object;)Ljava/lang/Class;' in 'java/lang/invoke/MethodHandles$Lookup$ClassDefiner')}
  0x000001dc614aa234: 49b8 b0fc | 367a dc01 | 0000 41ff | 8038 0200 | 0048 8b94 | 2498 0000 | 008b 721c | 48c1 e603 
  0x000001dc614aa254: ; implicit exception: dispatches to 0x000001dc614aa6f2
  0x000001dc614aa254: 483b 064c 

  0x000001dc614aa258: ;   {metadata(method data for {method} {0x000001dc795e6228} 'defineClass' '(ZLjava/lang/Object;)Ljava/lang/Class;' in 'java/lang/invoke/MethodHandles$Lookup$ClassDefiner')}
  0x000001dc614aa258: 8bc6 49b9 | b0fc 367a | dc01 0000 | 4983 8150 | 0300 0001 | 440f be46 | 0c41 83e0 | 0145 85c0 
  0x000001dc614aa278: ;   {metadata(method data for {method} {0x000001dc795e6228} 'defineClass' '(ZLjava/lang/Object;)Ljava/lang/Class;' in 'java/lang/invoke/MethodHandles$Lookup$ClassDefiner')}
  0x000001dc614aa278: 49b8 b0fc | 367a dc01 | 0000 49c7 | c188 0300 | 0074 0749 | c7c1 9803 | 0000 4b8b | 3c08 488d 
  0x000001dc614aa298: 7f01 4b89 | 3c08 0f84 | d801 0000 

  0x000001dc614aa2a4: ;   {metadata(method data for {method} {0x000001dc795e6228} 'defineClass' '(ZLjava/lang/Object;)Ljava/lang/Class;' in 'java/lang/invoke/MethodHandles$Lookup$ClassDefiner')}
  0x000001dc614aa2a4: 4c8b c249 | b9b0 fc36 | 7adc 0100 

  0x000001dc614aa2b0: ;   {metadata('java/lang/invoke/MethodHandles$Lookup$ClassDefiner')}
  0x000001dc614aa2b0: 0049 ba68 | 930c 0008 | 0000 004d | 8991 b803 | 0000 4983 | 81c0 0300 | 0001 8b7a | 1448 c1e7 
  0x000001dc614aa2d0: 0348 85c0 

  0x000001dc614aa2d4: ;   {metadata(method data for {method} {0x000001dc795e6228} 'defineClass' '(ZLjava/lang/Object;)Ljava/lang/Class;' in 'java/lang/invoke/MethodHandles$Lookup$ClassDefiner')}
  0x000001dc614aa2d4: 49b8 b0fc | 367a dc01 | 0000 49c7 | c1e0 0300 | 0074 0749 | c7c1 f003 | 0000 4b8b | 1c08 488d 
  0x000001dc614aa2f4: 5b01 4b89 | 1c08 0f84 | 3b01 0000 | e9c5 0000 | 0048 8b94 | 2498 0000 | 0049 8b87 | 0005 0000 
  0x000001dc614aa314: 4d33 d24d | 8997 0005 | 0000 4d33 | d24d 8997 | 0805 0000 | 8b72 1c48 | c1e6 0348 | 3b06 4c8b 
  0x000001dc614aa334: ;   {metadata(method data for {method} {0x000001dc795e6228} 'defineClass' '(ZLjava/lang/Object;)Ljava/lang/Class;' in 'java/lang/invoke/MethodHandles$Lookup$ClassDefiner')}
  0x000001dc614aa334: c649 b9b0 | fc36 7adc | 0100 0049 | 8381 8804 | 0000 0144 | 0fbe 460c | 4183 e001 

  0x000001dc614aa350: ;   {metadata(method data for {method} {0x000001dc795e6228} 'defineClass' '(ZLjava/lang/Object;)Ljava/lang/Class;' in 'java/lang/invoke/MethodHandles$Lookup$ClassDefiner')}
  0x000001dc614aa350: 4585 c049 | b8b0 fc36 | 7adc 0100 | 0049 c7c1 | c004 0000 | 7407 49c7 | c1d0 0400 | 004b 8b3c 
  0x000001dc614aa370: 0848 8d7f | 014b 893c | 080f 844d | 0100 004c 

  0x000001dc614aa380: ;   {metadata(method data for {method} {0x000001dc795e6228} 'defineClass' '(ZLjava/lang/Object;)Ljava/lang/Class;' in 'java/lang/invoke/MethodHandles$Lookup$ClassDefiner')}
  0x000001dc614aa380: 8bc2 49b9 | b0fc 367a | dc01 0000 

  0x000001dc614aa38c: ;   {metadata('java/lang/invoke/MethodHandles$Lookup$ClassDefiner')}
  0x000001dc614aa38c: 49ba 6893 | 0c00 0800 | 0000 4d89 | 91f0 0400 | 0049 8381 | f804 0000 | 018b 7a14 | 48c1 e703 
  0x000001dc614aa3ac: ;   {metadata(method data for {method} {0x000001dc795e6228} 'defineClass' '(ZLjava/lang/Object;)Ljava/lang/Class;' in 'java/lang/invoke/MethodHandles$Lookup$ClassDefiner')}
  0x000001dc614aa3ac: 49b8 b0fc | 367a dc01 | 0000 41ff | 8018 0500 | 0048 8984 | 24c8 0000 | 00e9 c800 | 0000 8b52 
  0x000001dc614aa3cc: 1848 c1e2 | 034c 8bc6 

  0x000001dc614aa3d4: ;   {metadata(method data for {method} {0x000001dc795e6228} 'defineClass' '(ZLjava/lang/Object;)Ljava/lang/Class;' in 'java/lang/invoke/MethodHandles$Lookup$ClassDefiner')}
  0x000001dc614aa3d4: 49b9 b0fc | 367a dc01 | 0000 4983 | 8100 0400 | 0001 4c8b | c74c 8bc8 | 488b fa48 | 8bd6 4889 
  0x000001dc614aa3f4: 8424 c000 | 0000 0f1f 

  0x000001dc614aa3fc: ;   {optimized virtual_call}
  0x000001dc614aa3fc: 4400 00e8 

  0x000001dc614aa400: ; ImmutableOopMap {[192]=Oop }
                      ;*invokevirtual dumpClass {reexecute=0 rethrow=0 return_oop=0}
                      ; - java.lang.invoke.MethodHandles$Lookup$ClassDefiner::defineClass@134
  0x000001dc614aa400: 7c46 1707 

  0x000001dc614aa404: ;   {other}
  0x000001dc614aa404: 0f1f 8400 | f409 0002 

  0x000001dc614aa40c: ;   {metadata(method data for {method} {0x000001dc795e6228} 'defineClass' '(ZLjava/lang/Object;)Ljava/lang/Class;' in 'java/lang/invoke/MethodHandles$Lookup$ClassDefiner')}
  0x000001dc614aa40c: 49b8 b0fc | 367a dc01 | 0000 41ff | 8038 0400 | 0048 8b84 | 24c0 0000 | 0048 81c4 | e000 0000 
  0x000001dc614aa42c: ;   {poll_return}
  0x000001dc614aa42c: 5d49 3ba7 | 5004 0000 | 0f87 c202 | 0000 c348 | 8984 24c0 | 0000 0044 | 8b4a 1849 | c1e1 034c 
  0x000001dc614aa44c: ;   {metadata(method data for {method} {0x000001dc795e6228} 'defineClass' '(ZLjava/lang/Object;)Ljava/lang/Class;' in 'java/lang/invoke/MethodHandles$Lookup$ClassDefiner')}
  0x000001dc614aa44c: 8bc6 48ba | b0fc 367a | dc01 0000 | 4883 8250 | 0400 0001 | 4c8b c748 

  0x000001dc614aa464: ;   {optimized virtual_call}
  0x000001dc614aa464: 8bd6 90e8 

  0x000001dc614aa468: ; ImmutableOopMap {[192]=Oop }
                      ;*invokevirtual dumpFailedClass {reexecute=0 rethrow=0 return_oop=0}
                      ; - java.lang.invoke.MethodHandles$Lookup$ClassDefiner::defineClass@150
  0x000001dc614aa468: 1446 1707 

  0x000001dc614aa46c: ;   {other}
  0x000001dc614aa46c: 0f1f 8400 | 5c0a 0003 | 488b 8424 | c000 0000 | 4881 c4e0 | 0000 005d 

  0x000001dc614aa484: ;   {poll_return}
  0x000001dc614aa484: 493b a750 | 0400 000f | 8781 0200 | 00c3 448b | 4a18 49c1 | e103 4c8b 

  0x000001dc614aa49c: ;   {metadata(method data for {method} {0x000001dc795e6228} 'defineClass' '(ZLjava/lang/Object;)Ljava/lang/Class;' in 'java/lang/invoke/MethodHandles$Lookup$ClassDefiner')}
  0x000001dc614aa49c: c648 bab0 | fc36 7adc | 0100 0048 | 8382 8805 | 0000 014c | 8bc7 488b 

  0x000001dc614aa4b4: ;   {optimized virtual_call}
  0x000001dc614aa4b4: d666 90e8 

  0x000001dc614aa4b8: ; ImmutableOopMap {[200]=Oop }
                      ;*invokevirtual dumpFailedClass {reexecute=0 rethrow=0 return_oop=0}
                      ; - java.lang.invoke.MethodHandles$Lookup$ClassDefiner::defineClass@207
  0x000001dc614aa4b8: c445 1707 

  0x000001dc614aa4bc: ;   {other}
  0x000001dc614aa4bc: 0f1f 8400 | ac0a 0004 | 488b 8424 | c800 0000 | e974 0200 

  0x000001dc614aa4d0: ;   {metadata({method} {0x000001dc795e6228} 'defineClass' '(ZLjava/lang/Object;)Ljava/lang/Class;' in 'java/lang/invoke/MethodHandles$Lookup$ClassDefiner')}
  0x000001dc614aa4d0: 0049 ba20 | 625e 79dc | 0100 004c | 8954 2408 | 48c7 0424 | ffff ffff 

  0x000001dc614aa4e8: ;   {runtime_call counter_overflow Runtime1 stub}
  0x000001dc614aa4e8: e813 2f23 

  0x000001dc614aa4ec: ; ImmutableOopMap {rdx=Oop r9=Oop [152]=Oop [184]=Oop }
                      ;*synchronization entry
                      ; - java.lang.invoke.MethodHandles$Lookup$ClassDefiner::defineClass@-1
  0x000001dc614aa4ec: 07e9 2cf8 

  0x000001dc614aa4f0: ;   {runtime_call throw_null_pointer_exception Runtime1 stub}
  0x000001dc614aa4f0: ffff e809 

  0x000001dc614aa4f4: ; ImmutableOopMap {rdx=Oop r9=Oop rsi=Oop [144]=Oop [152]=Oop [184]=Oop }
                      ;*invokevirtual lookupClass {reexecute=0 rethrow=0 return_oop=0}
                      ; - java.lang.invoke.MethodHandles$Lookup$ClassDefiner::defineClass@4
                      ;   {runtime_call throw_null_pointer_exception Runtime1 stub}
  0x000001dc614aa4f4: de22 07e8 

  0x000001dc614aa4f8: ; ImmutableOopMap {rdx=Oop r9=Oop rsi=Oop rdi=Oop [144]=Oop [152]=Oop [168]=Oop [184]=Oop }
                      ;*invokevirtual getClassLoader {reexecute=0 rethrow=0 return_oop=0}
                      ; - java.lang.invoke.MethodHandles$Lookup$ClassDefiner::defineClass@9
  0x000001dc614aa4f8: 04de 2207 

  0x000001dc614aa4fc: ;   {metadata({method} {0x000001dc79017c50} 'getClassLoader' '()Ljava/lang/ClassLoader;' in 'java/lang/Class')}
  0x000001dc614aa4fc: 49ba 487c | 0179 dc01 | 0000 4c89 | 5424 0848 | c704 24ff 

  0x000001dc614aa510: ;   {runtime_call counter_overflow Runtime1 stub}
  0x000001dc614aa510: ffff ffe8 

  0x000001dc614aa514: ; ImmutableOopMap {rdx=Oop r9=Oop rsi=Oop rdi=Oop [144]=Oop [152]=Oop [168]=Oop [184]=Oop }
                      ;*synchronization entry
                      ; - java.lang.Class::getClassLoader@-1
                      ; - java.lang.invoke.MethodHandles$Lookup$ClassDefiner::defineClass@9
  0x000001dc614aa514: e82e 2307 | e975 f8ff 

  0x000001dc614aa51c: ;   {metadata({method} {0x000001dc7902bd08} 'getSecurityManager' '()Ljava/lang/SecurityManager;' in 'java/lang/System')}
  0x000001dc614aa51c: ff49 ba00 | bd02 79dc | 0100 004c | 8954 2408 | 48c7 0424 | ffff ffff 

  0x000001dc614aa534: ;   {runtime_call counter_overflow Runtime1 stub}
  0x000001dc614aa534: e8c7 2e23 

  0x000001dc614aa538: ; ImmutableOopMap {rdx=Oop r9=Oop rsi=Oop rdi=Oop rbx=Oop [144]=Oop [152]=Oop [168]=Oop [184]=Oop }
                      ;*synchronization entry
                      ; - java.lang.System::getSecurityManager@-1
                      ; - java.lang.Class::getClassLoader@11
                      ; - java.lang.invoke.MethodHandles$Lookup$ClassDefiner::defineClass@9
  0x000001dc614aa538: 07e9 d2f8 

  0x000001dc614aa53c: ;   {metadata({method} {0x000001dc7902b140} 'allowSecurityManager' '()Z' in 'java/lang/System')}
  0x000001dc614aa53c: ffff 49ba | 38b1 0279 | dc01 0000 | 4c89 5424 | 0848 c704 | 24ff ffff 

  0x000001dc614aa554: ;   {runtime_call counter_overflow Runtime1 stub}
  0x000001dc614aa554: ffe8 a62e 

  0x000001dc614aa558: ; ImmutableOopMap {rdx=Oop r9=Oop rsi=Oop rdi=Oop rbx=Oop [144]=Oop [152]=Oop [168]=Oop [184]=Oop }
                      ;*synchronization entry
                      ; - java.lang.System::allowSecurityManager@-1
                      ; - java.lang.System::getSecurityManager@0
                      ; - java.lang.Class::getClassLoader@11
                      ; - java.lang.invoke.MethodHandles$Lookup$ClassDefiner::defineClass@9
  0x000001dc614aa558: 2307 e9ea 

  0x000001dc614aa55c: ;   {metadata({method} {0x000001dc792cc630} 'lookupClassProtectionDomain' '()Ljava/security/ProtectionDomain;' in 'java/lang/invoke/MethodHandles$Lookup')}
  0x000001dc614aa55c: f8ff ff49 | ba28 c62c | 79dc 0100 | 004c 8954 | 2408 48c7 | 0424 ffff 

  0x000001dc614aa574: ;   {runtime_call counter_overflow Runtime1 stub}
  0x000001dc614aa574: ffff e885 

  0x000001dc614aa578: ; ImmutableOopMap {rdx=Oop r9=Oop rsi=Oop rdi=Oop rbx=Oop [144]=Oop [152]=Oop [168]=Oop [184]=Oop }
                      ;*synchronization entry
                      ; - java.lang.invoke.MethodHandles$Lookup::lookupClassProtectionDomain@-1
                      ; - java.lang.invoke.MethodHandles$Lookup$ClassDefiner::defineClass@23
  0x000001dc614aa578: 2e23 07e9 | 64f9 ffff 

  0x000001dc614aa580: ;   {metadata({method} {0x000001dc79185510} 'getJavaLangAccess' '()Ljdk/internal/access/JavaLangAccess;' in 'jdk/internal/access/SharedSecrets')}
  0x000001dc614aa580: 49ba 0855 | 1879 dc01 | 0000 4c89 | 5424 0848 | c704 24ff 

  0x000001dc614aa594: ;   {runtime_call counter_overflow Runtime1 stub}
  0x000001dc614aa594: ffff ffe8 

  0x000001dc614aa598: ; ImmutableOopMap {rsi=Oop [144]=Oop [152]=Oop [160]=Oop [168]=Oop [184]=Oop }
                      ;*synchronization entry
                      ; - jdk.internal.access.SharedSecrets::getJavaLangAccess@-1
                      ; - java.lang.invoke.MethodHandles$Lookup::lookupClassProtectionDomain@10
                      ; - java.lang.invoke.MethodHandles$Lookup$ClassDefiner::defineClass@23
  0x000001dc614aa598: 642e 2307 | e9ba f9ff 

  0x000001dc614aa5a0: ;   {runtime_call throw_incompatible_class_change_error Runtime1 stub}
  0x000001dc614aa5a0: ffe8 5a04 

  0x000001dc614aa5a4: ; ImmutableOopMap {rax=Oop rcx=Oop [144]=Oop [152]=Oop [160]=Oop [168]=Oop [184]=Oop }
                      ;*invokeinterface protectionDomain {reexecute=0 rethrow=0 return_oop=0}
                      ; - java.lang.invoke.MethodHandles$Lookup::lookupClassProtectionDomain@17
                      ; - java.lang.invoke.MethodHandles$Lookup$ClassDefiner::defineClass@23
                      ;   {runtime_call throw_null_pointer_exception Runtime1 stub}
  0x000001dc614aa5a4: 2307 e855 

  0x000001dc614aa5a8: ; ImmutableOopMap {rax=Oop rcx=Oop [144]=Oop [152]=Oop [160]=Oop [168]=Oop [184]=Oop }
                      ;*invokeinterface protectionDomain {reexecute=0 rethrow=0 return_oop=0}
                      ; - java.lang.invoke.MethodHandles$Lookup::lookupClassProtectionDomain@17
                      ; - java.lang.invoke.MethodHandles$Lookup$ClassDefiner::defineClass@23
                      ;   {metadata({method} {0x000001dc791aadf0} 'protectionDomain' '(Ljava/lang/Class;)Ljava/security/ProtectionDomain;' in 'java/lang/System$2')}
  0x000001dc614aa5a8: dd22 0749 | bae8 ad1a | 79dc 0100 | 004c 8954 | 2408 48c7 | 0424 ffff 

  0x000001dc614aa5c0: ;   {runtime_call counter_overflow Runtime1 stub}
  0x000001dc614aa5c0: ffff e839 

  0x000001dc614aa5c4: ; ImmutableOopMap {rcx=Oop [144]=Oop [152]=Oop [160]=Oop [168]=Oop [184]=Oop }
                      ;*synchronization entry
                      ; - java.lang.System$2::protectionDomain@-1
                      ; - java.lang.invoke.MethodHandles$Lookup::lookupClassProtectionDomain@17
                      ; - java.lang.invoke.MethodHandles$Lookup$ClassDefiner::defineClass@23
  0x000001dc614aa5c4: 2e23 07e9 | 29fa ffff 

  0x000001dc614aa5cc: ;   {runtime_call throw_null_pointer_exception Runtime1 stub}
  0x000001dc614aa5cc: e82f dd22 

  0x000001dc614aa5d0: ; ImmutableOopMap {rcx=Oop [144]=Oop [152]=Oop [160]=Oop [168]=Oop [184]=Oop }
                      ;*invokevirtual protectionDomain {reexecute=0 rethrow=0 return_oop=0}
                      ; - java.lang.System$2::protectionDomain@1
                      ; - java.lang.invoke.MethodHandles$Lookup::lookupClassProtectionDomain@17
                      ; - java.lang.invoke.MethodHandles$Lookup$ClassDefiner::defineClass@23
                      ;   {metadata({method} {0x000001dc7901b6b0} 'protectionDomain' '()Ljava/security/ProtectionDomain;' in 'java/lang/Class')}
  0x000001dc614aa5d0: 0749 baa8 | b601 79dc | 0100 004c | 8954 2408 | 48c7 0424 | ffff ffff 

  0x000001dc614aa5e8: ;   {runtime_call counter_overflow Runtime1 stub}
  0x000001dc614aa5e8: e813 2e23 

  0x000001dc614aa5ec: ; ImmutableOopMap {rcx=Oop [144]=Oop [152]=Oop [160]=Oop [168]=Oop [184]=Oop }
                      ;*synchronization entry
                      ; - java.lang.Class::protectionDomain@-1
                      ; - java.lang.System$2::protectionDomain@1
                      ; - java.lang.invoke.MethodHandles$Lookup::lookupClassProtectionDomain@17
                      ; - java.lang.invoke.MethodHandles$Lookup$ClassDefiner::defineClass@23
  0x000001dc614aa5ec: 07e9 41fa 

  0x000001dc614aa5f0: ;   {oop(nullptr)}
  0x000001dc614aa5f0: ffff 49b8 | 0000 0000 | 0000 0000 | 5053 498b | 5810 5756 | 5251 4150 | 4151 4152 | 4153 4883 
  0x000001dc614aa610: ec20 40f6 | c40f 0f84 | 1900 0000 | 4883 ec08 

  0x000001dc614aa620: ;   {runtime_call}
  0x000001dc614aa620: 48b8 508b | 7683 fa7f | 0000 ffd0 | 4883 c408 | e90c 0000 

  0x000001dc614aa634: ;   {runtime_call}
  0x000001dc614aa634: 0048 b850 | 8b76 83fa | 7f00 00ff | d048 83c4 | 2041 5b41 | 5a41 5941 | 5859 5a5e | 5f48 3b83 
  0x000001dc614aa654: 6801 0000 | 5b58 0f85 | 0a00 0000 | e935 faff | ffb8 0078 

  0x000001dc614aa668: ;   {runtime_call load_mirror_patching Runtime1 stub}
  0x000001dc614aa668: 6e0a e891 

  0x000001dc614aa66c: ; ImmutableOopMap {[144]=Oop [152]=Oop [160]=Oop [168]=Oop [184]=Oop }
                      ;*getstatic allPermDomain {reexecute=1 rethrow=0 return_oop=0}
                      ; - (reexecute) java.lang.Class::protectionDomain@9
                      ; - java.lang.System$2::protectionDomain@1
                      ; - java.lang.invoke.MethodHandles$Lookup::lookupClassProtectionDomain@17
                      ; - java.lang.invoke.MethodHandles$Lookup$ClassDefiner::defineClass@23
  0x000001dc614aa66c: 2123 07e9 | 1cfa ffff 

  0x000001dc614aa674: ;   {runtime_call throw_null_pointer_exception Runtime1 stub}
  0x000001dc614aa674: e887 dc22 

  0x000001dc614aa678: ; ImmutableOopMap {r8=Oop [144]=Oop [152]=Oop [160]=Oop [168]=Oop [184]=Oop }
                      ;*getstatic allPermDomain {reexecute=1 rethrow=0 return_oop=0}
                      ; - (reexecute) java.lang.Class::protectionDomain@9
                      ; - java.lang.System$2::protectionDomain@1
                      ; - java.lang.invoke.MethodHandles$Lookup::lookupClassProtectionDomain@17
                      ; - java.lang.invoke.MethodHandles$Lookup$ClassDefiner::defineClass@23
  0x000001dc614aa678: 0745 8b80 | 0000 0000 | b800 0c05 

  0x000001dc614aa684: ;   {runtime_call access_field_patching Runtime1 stub}
  0x000001dc614aa684: 07e8 7618 

  0x000001dc614aa688: ; ImmutableOopMap {r8=Oop [144]=Oop [152]=Oop [160]=Oop [168]=Oop [184]=Oop }
                      ;*getstatic allPermDomain {reexecute=1 rethrow=0 return_oop=0}
                      ; - (reexecute) java.lang.Class::protectionDomain@9
                      ; - java.lang.System$2::protectionDomain@1
                      ; - java.lang.invoke.MethodHandles$Lookup::lookupClassProtectionDomain@17
                      ; - java.lang.invoke.MethodHandles$Lookup$ClassDefiner::defineClass@23
  0x000001dc614aa688: 2307 e911 | faff ff44 | 8b4e 1849 | c1e1 0349 | 83f9 000f | 8428 faff | ff4c 890c 

  0x000001dc614aa6a4: ;   {runtime_call g1_pre_barrier_slow}
  0x000001dc614aa6a4: 24e8 5633 | 2307 e91a | faff ff49 | 83f8 000f | 8435 faff | ff48 8934 

  0x000001dc614aa6bc: ;   {runtime_call g1_post_barrier_slow}
  0x000001dc614aa6bc: 24e8 3e36 | 2307 e927 

  0x000001dc614aa6c4: ;   {metadata({method} {0x000001dc79185510} 'getJavaLangAccess' '()Ljdk/internal/access/JavaLangAccess;' in 'jdk/internal/access/SharedSecrets')}
  0x000001dc614aa6c4: faff ff49 | ba08 5518 | 79dc 0100 | 004c 8954 | 2408 48c7 | 0424 ffff 

  0x000001dc614aa6dc: ;   {runtime_call counter_overflow Runtime1 stub}
  0x000001dc614aa6dc: ffff e81d 

  0x000001dc614aa6e0: ; ImmutableOopMap {rax=Oop rdi=Oop rbx=Oop rdx=Oop [152]=Oop [168]=Oop [184]=Oop }
                      ;*synchronization entry
                      ; - jdk.internal.access.SharedSecrets::getJavaLangAccess@-1
                      ; - java.lang.invoke.MethodHandles$Lookup$ClassDefiner::defineClass@35
  0x000001dc614aa6e0: 2d23 07e9 | 87fa ffff 

  0x000001dc614aa6e8: ;   {runtime_call throw_incompatible_class_change_error Runtime1 stub}
  0x000001dc614aa6e8: e813 0323 

  0x000001dc614aa6ec: ; ImmutableOopMap {rax=Oop rdi=Oop rbx=Oop r14=Oop rsi=Oop rcx=Oop [152]=Oop [168]=Oop [184]=Oop }
                      ;*invokeinterface defineClass {reexecute=0 rethrow=0 return_oop=0}
                      ; - java.lang.invoke.MethodHandles$Lookup$ClassDefiner::defineClass@57
                      ;   {runtime_call throw_null_pointer_exception Runtime1 stub}
  0x000001dc614aa6ec: 07e8 0edc 

  0x000001dc614aa6f0: ; ImmutableOopMap {rax=Oop rdi=Oop rbx=Oop r14=Oop rsi=Oop rcx=Oop [152]=Oop [168]=Oop [184]=Oop }
                      ;*invokeinterface defineClass {reexecute=0 rethrow=0 return_oop=0}
                      ; - java.lang.invoke.MethodHandles$Lookup$ClassDefiner::defineClass@57
                      ;   {runtime_call throw_null_pointer_exception Runtime1 stub}
  0x000001dc614aa6f0: 2207 e809 

  0x000001dc614aa6f4: ; ImmutableOopMap {rax=Oop rdx=Oop rsi=Oop [152]=Oop }
                      ;*invokevirtual isEnabled {reexecute=0 rethrow=0 return_oop=0}
                      ; - java.lang.invoke.MethodHandles$Lookup$ClassDefiner::defineClass@105
                      ;   {runtime_call throw_null_pointer_exception Runtime1 stub}
  0x000001dc614aa6f4: dc22 07e8 

  0x000001dc614aa6f8: ; ImmutableOopMap {rdx=Oop rax=Oop rsi=Oop [152]=Oop }
                      ;*invokevirtual isEnabled {reexecute=0 rethrow=0 return_oop=0}
                      ; - java.lang.invoke.MethodHandles$Lookup$ClassDefiner::defineClass@162
  0x000001dc614aa6f8: 04dc 2207 

  0x000001dc614aa6fc: ;   {internal_word}
  0x000001dc614aa6fc: 49ba 2da4 | 4a61 dc01 | 0000 4d89 | 9768 0400 

  0x000001dc614aa70c: ;   {runtime_call SafepointBlob}
  0x000001dc614aa70c: 00e9 6ead 

  0x000001dc614aa710: ;   {internal_word}
  0x000001dc614aa710: 1707 49ba | 84a4 4a61 | dc01 0000 | 4d89 9768 

  0x000001dc614aa720: ;   {runtime_call SafepointBlob}
  0x000001dc614aa720: 0400 00e9 | 58ad 1707 | 498b 8700 | 0500 0049 | c787 0005 | 0000 0000 | 0000 49c7 | 8708 0500 
  0x000001dc614aa740: 0000 0000 | 0048 81c4 | e000 0000 

  0x000001dc614aa74c: ;   {runtime_call unwind_exception Runtime1 stub}
  0x000001dc614aa74c: 5de9 aecc | 2207 f4f4 | f4f4 f4f4 
[Stub Code]
  0x000001dc614aa758: ;   {no_reloc}
  0x000001dc614aa758: 0f1f 4400 

  0x000001dc614aa75c: ;   {static_stub}
  0x000001dc614aa75c: 0048 bb00 | 0000 0000 

  0x000001dc614aa764: ;   {runtime_call nmethod}
  0x000001dc614aa764: 0000 00e9 | fbff ffff 

  0x000001dc614aa76c: ;   {static_stub}
  0x000001dc614aa76c: 48bb 0000 | 0000 0000 

  0x000001dc614aa774: ;   {runtime_call nmethod}
  0x000001dc614aa774: 0000 e9fb 

  0x000001dc614aa778: ;   {static_stub}
  0x000001dc614aa778: ffff ff48 | bb00 0000 | 0000 0000 

  0x000001dc614aa784: ;   {runtime_call nmethod}
  0x000001dc614aa784: 00e9 fbff 

  0x000001dc614aa788: ;   {static_stub}
  0x000001dc614aa788: ffff 48bb | 0000 0000 | 0000 0000 

  0x000001dc614aa794: ;   {runtime_call nmethod}
  0x000001dc614aa794: e9fb ffff 

  0x000001dc614aa798: ;   {runtime_call handle_exception_from_callee Runtime1 stub}
  0x000001dc614aa798: ffe8 62f9 

  0x000001dc614aa79c: ;   {external_word}
  0x000001dc614aa79c: 2207 48b9 | d061 0a84 | fa7f 0000 | 4883 e4f0 

  0x000001dc614aa7ac: ;   {runtime_call}
  0x000001dc614aa7ac: 48b8 90db | d883 fa7f | 0000 ffd0 

  0x000001dc614aa7b8: ;   {section_word}
  0x000001dc614aa7b8: f449 bab9 | a74a 61dc | 0100 0041 

  0x000001dc614aa7c4: ;   {runtime_call DeoptimizationBlob}
  0x000001dc614aa7c4: 52e9 569f | 1707 f4f4 | f4f4 f4f4 
[/MachCode]


---------------  P R O C E S S  ---------------

Threads class SMR info:
_java_thread_list=0x000001dc7d17da70, length=15, elements={
0x000001dc5bc22ae0, 0x000001dc78ad11e0, 0x000001dc78af41b0, 0x000001dc78af4c10,
0x000001dc78b07a60, 0x000001dc78b084c0, 0x000001dc78b08f20, 0x000001dc78b09980,
0x000001dc78b0a710, 0x000001dc78b10af0, 0x000001dc788c0a10, 0x000001dc78cbfae0,
0x000001dc7e3a92c0, 0x000001dc7e3a70b0, 0x000001dc7e3ac270
}

Java Threads: ( => current thread )
=>0x000001dc5bc22ae0 JavaThread "main"                              [_thread_in_vm, id=26404, stack(0x0000002389700000,0x0000002389800000) (1024K)]
  0x000001dc78ad11e0 JavaThread "Common-Cleaner"             daemon [_thread_blocked, id=23540, stack(0x0000002389f00000,0x000000238a000000) (1024K)]
  0x000001dc78af41b0 JavaThread "Reference Handler"          daemon [_thread_blocked, id=7924, stack(0x000000238a000000,0x000000238a100000) (1024K)]
  0x000001dc78af4c10 JavaThread "Finalizer"                  daemon [_thread_blocked, id=14656, stack(0x000000238a100000,0x000000238a200000) (1024K)]
  0x000001dc78b07a60 JavaThread "Signal Dispatcher"          daemon [_thread_blocked, id=22356, stack(0x000000238a200000,0x000000238a300000) (1024K)]
  0x000001dc78b084c0 JavaThread "Attach Listener"            daemon [_thread_blocked, id=26392, stack(0x000000238a300000,0x000000238a400000) (1024K)]
  0x000001dc78b08f20 JavaThread "Service Thread"             daemon [_thread_blocked, id=20280, stack(0x000000238a400000,0x000000238a500000) (1024K)]
  0x000001dc78b09980 JavaThread "Monitor Deflation Thread"   daemon [_thread_blocked, id=15352, stack(0x000000238a500000,0x000000238a600000) (1024K)]
  0x000001dc78b0a710 JavaThread "C2 CompilerThread0"         daemon [_thread_blocked, id=20592, stack(0x000000238a600000,0x000000238a700000) (1024K)]
  0x000001dc78b10af0 JavaThread "C1 CompilerThread0"         daemon [_thread_blocked, id=5492, stack(0x000000238a700000,0x000000238a800000) (1024K)]
  0x000001dc788c0a10 JavaThread "C1 CompilerThread1"         daemon [_thread_blocked, id=20236, stack(0x000000238a800000,0x000000238a900000) (1024K)]
  0x000001dc78cbfae0 JavaThread "Notification Thread"        daemon [_thread_blocked, id=1628, stack(0x000000238a900000,0x000000238aa00000) (1024K)]
  0x000001dc7e3a92c0 JavaThread "C1 CompilerThread2"         daemon [_thread_blocked, id=25568, stack(0x000000238b900000,0x000000238ba00000) (1024K)]
  0x000001dc7e3a70b0 JavaThread "C1 CompilerThread3"         daemon [_thread_blocked, id=21984, stack(0x000000238b800000,0x000000238b900000) (1024K)]
  0x000001dc7e3ac270 JavaThread "C2 CompilerThread1"         daemon [_thread_blocked, id=27212, stack(0x000000238ba00000,0x000000238bb00000) (1024K)]
Total: 15

Other Threads:
  0x000001dc78a5b350 VMThread "VM Thread"                           [id=6260, stack(0x0000002389e00000,0x0000002389f00000) (1024K)]
  0x000001dc788bff80 WatcherThread "VM Periodic Task Thread"        [id=12992, stack(0x0000002389d00000,0x0000002389e00000) (1024K)]
  0x000001dc5e080ee0 WorkerThread "GC Thread#0"                     [id=3856, stack(0x0000002389800000,0x0000002389900000) (1024K)]
  0x000001dc7d55cc90 WorkerThread "GC Thread#1"                     [id=26052, stack(0x000000238ab00000,0x000000238ac00000) (1024K)]
  0x000001dc7d55d040 WorkerThread "GC Thread#2"                     [id=12488, stack(0x000000238ac00000,0x000000238ad00000) (1024K)]
  0x000001dc7d55d3f0 WorkerThread "GC Thread#3"                     [id=26644, stack(0x000000238ad00000,0x000000238ae00000) (1024K)]
  0x000001dc7d55d7a0 WorkerThread "GC Thread#4"                     [id=18400, stack(0x000000238ae00000,0x000000238af00000) (1024K)]
  0x000001dc7d55db50 WorkerThread "GC Thread#5"                     [id=19748, stack(0x000000238af00000,0x000000238b000000) (1024K)]
  0x000001dc7db1fc80 WorkerThread "GC Thread#6"                     [id=27300, stack(0x000000238b000000,0x000000238b100000) (1024K)]
  0x000001dc7db1cc00 WorkerThread "GC Thread#7"                     [id=25372, stack(0x000000238b100000,0x000000238b200000) (1024K)]
  0x000001dc7db6f650 WorkerThread "GC Thread#8"                     [id=16524, stack(0x000000238b200000,0x000000238b300000) (1024K)]
  0x000001dc7db18df0 WorkerThread "GC Thread#9"                     [id=21024, stack(0x000000238aa00000,0x000000238ab00000) (1024K)]
  0x000001dc7db18a40 WorkerThread "GC Thread#10"                    [id=1320, stack(0x000000238b500000,0x000000238b600000) (1024K)]
  0x000001dc7e7a5e70 WorkerThread "GC Thread#11"                    [id=21040, stack(0x000000238b600000,0x000000238b700000) (1024K)]
  0x000001dc7e7a8700 WorkerThread "GC Thread#12"                    [id=15540, stack(0x000000238b700000,0x000000238b800000) (1024K)]
  0x000001dc5e093500 ConcurrentGCThread "G1 Main Marker"            [id=15232, stack(0x0000002389900000,0x0000002389a00000) (1024K)]
  0x000001dc5e094010 WorkerThread "G1 Conc#0"                       [id=12640, stack(0x0000002389a00000,0x0000002389b00000) (1024K)]
  0x000001dc7db19550 WorkerThread "G1 Conc#1"                       [id=15324, stack(0x000000238b300000,0x000000238b400000) (1024K)]
  0x000001dc7db17b80 WorkerThread "G1 Conc#2"                       [id=3316, stack(0x000000238b400000,0x000000238b500000) (1024K)]
  0x000001dc78791a10 ConcurrentGCThread "G1 Refine#0"               [id=4280, stack(0x0000002389b00000,0x0000002389c00000) (1024K)]
  0x000001dc78793440 ConcurrentGCThread "G1 Service"                [id=11584, stack(0x0000002389c00000,0x0000002389d00000) (1024K)]
Total: 21

Threads with active compile tasks:
Total: 0

VM state: not at safepoint (normal execution)

VM Mutex/Monitor currently owned by a thread:  ([mutex/lock_event])
[0x00007ffa843164d0] Metaspace_lock - owner thread: 0x000001dc5bc22ae0

Heap address: 0x0000000705e00000, size: 4002 MB, Compressed Oops mode: Zero based, Oop shift amount: 3

CDS archive(s) not mapped
Compressed class space mapped at: 0x0000000800000000-0x0000000840000000, reserved size: 1073741824
Narrow klass base: 0x0000000800000000, Narrow klass shift: 0, Narrow klass range: 0x40000000

GC Precious Log:
 CardTable entry size: 512
 Card Set container configuration: InlinePtr #cards 4 size 8 Array Of Cards #cards 16 size 48 Howl #buckets 8 coarsen threshold 3686 Howl Bitmap #cards 512 size 80 coarsen threshold 460 Card regions per heap region 1 cards per card region 4096
 CPUs: 16 total, 16 available
 Memory: 16004M
 Large Page Support: Disabled
 NUMA Support: Disabled
 Compressed Oops: Enabled (Zero based)
 Heap Region Size: 2M
 Heap Min Capacity: 8M
 Heap Initial Capacity: 252M
 Heap Max Capacity: 4002M
 Pre-touch: Disabled
 Parallel Workers: 13
 Concurrent Workers: 3
 Concurrent Refinement Workers: 13
 Periodic GC: Disabled

Heap:
 garbage-first heap   total 151552K, used 77764K [0x0000000705e00000, 0x0000000800000000)
  region size 2048K, 25 young (51200K), 6 survivors (12288K)
 Metaspace       used 63267K, committed 63488K, reserved 1114112K
  class space    used 7387K, committed 7488K, reserved 1048576K

Heap Regions: E=young(eden), S=young(survivor), O=old, HS=humongous(starts), HC=humongous(continues), CS=collection set, F=free, TAMS=top-at-mark-start, PB=parsable bottom
|   0|0x0000000705e00000, 0x0000000706000000, 0x0000000706000000|100%|HS|  |TAMS 0x0000000705e00000| PB 0x0000000705e00000| Complete 
|   1|0x0000000706000000, 0x0000000706200000, 0x0000000706200000|100%|HC|  |TAMS 0x0000000706000000| PB 0x0000000706000000| Complete 
|   2|0x0000000706200000, 0x0000000706400000, 0x0000000706400000|100%| O|  |TAMS 0x0000000706200000| PB 0x0000000706200000| Untracked 
|   3|0x0000000706400000, 0x0000000706600000, 0x0000000706600000|100%| O|  |TAMS 0x0000000706400000| PB 0x0000000706400000| Untracked 
|   4|0x0000000706600000, 0x0000000706800000, 0x0000000706800000|100%| O|  |TAMS 0x0000000706600000| PB 0x0000000706600000| Untracked 
|   5|0x0000000706800000, 0x0000000706a00000, 0x0000000706a00000|100%| O|  |TAMS 0x0000000706800000| PB 0x0000000706800000| Untracked 
|   6|0x0000000706a00000, 0x0000000706c00000, 0x0000000706c00000|100%| O|  |TAMS 0x0000000706a00000| PB 0x0000000706a00000| Untracked 
|   7|0x0000000706c00000, 0x0000000706e00000, 0x0000000706e00000|100%| O|  |TAMS 0x0000000706c00000| PB 0x0000000706c00000| Untracked 
|   8|0x0000000706e00000, 0x0000000706e00000, 0x0000000707000000|  0%| F|  |TAMS 0x0000000706e00000| PB 0x0000000706e00000| Untracked 
|   9|0x0000000707000000, 0x0000000707200000, 0x0000000707200000|100%| O|  |TAMS 0x0000000707000000| PB 0x0000000707000000| Untracked 
|  10|0x0000000707200000, 0x0000000707400000, 0x0000000707400000|100%| O|  |TAMS 0x0000000707200000| PB 0x0000000707200000| Untracked 
|  11|0x0000000707400000, 0x0000000707600000, 0x0000000707600000|100%| O|  |TAMS 0x0000000707400000| PB 0x0000000707400000| Untracked 
|  12|0x0000000707600000, 0x0000000707800000, 0x0000000707800000|100%| O|  |TAMS 0x0000000707600000| PB 0x0000000707600000| Untracked 
|  13|0x0000000707800000, 0x0000000707800000, 0x0000000707a00000|  0%| F|  |TAMS 0x0000000707800000| PB 0x0000000707800000| Untracked 
|  14|0x0000000707a00000, 0x0000000707c00000, 0x0000000707c00000|100%| O|  |TAMS 0x0000000707a00000| PB 0x0000000707a00000| Untracked 
|  15|0x0000000707c00000, 0x0000000707df11c0, 0x0000000707e00000| 97%| O|  |TAMS 0x0000000707c00000| PB 0x0000000707c00000| Untracked 
|  16|0x0000000707e00000, 0x0000000707e00000, 0x0000000708000000|  0%| F|  |TAMS 0x0000000707e00000| PB 0x0000000707e00000| Untracked 
|  17|0x0000000708000000, 0x0000000708000000, 0x0000000708200000|  0%| F|  |TAMS 0x0000000708000000| PB 0x0000000708000000| Untracked 
|  18|0x0000000708200000, 0x0000000708200000, 0x0000000708400000|  0%| F|  |TAMS 0x0000000708200000| PB 0x0000000708200000| Untracked 
|  19|0x0000000708400000, 0x0000000708400000, 0x0000000708600000|  0%| F|  |TAMS 0x0000000708400000| PB 0x0000000708400000| Untracked 
|  20|0x0000000708600000, 0x0000000708600000, 0x0000000708800000|  0%| F|  |TAMS 0x0000000708600000| PB 0x0000000708600000| Untracked 
|  21|0x0000000708800000, 0x0000000708800000, 0x0000000708a00000|  0%| F|  |TAMS 0x0000000708800000| PB 0x0000000708800000| Untracked 
|  22|0x0000000708a00000, 0x0000000708a00000, 0x0000000708c00000|  0%| F|  |TAMS 0x0000000708a00000| PB 0x0000000708a00000| Untracked 
|  23|0x0000000708c00000, 0x0000000708c00000, 0x0000000708e00000|  0%| F|  |TAMS 0x0000000708c00000| PB 0x0000000708c00000| Untracked 
|  24|0x0000000708e00000, 0x0000000708e00000, 0x0000000709000000|  0%| F|  |TAMS 0x0000000708e00000| PB 0x0000000708e00000| Untracked 
|  25|0x0000000709000000, 0x0000000709200000, 0x0000000709200000|100%| S|CS|TAMS 0x0000000709000000| PB 0x0000000709000000| Complete 
|  26|0x0000000709200000, 0x0000000709400000, 0x0000000709400000|100%| S|CS|TAMS 0x0000000709200000| PB 0x0000000709200000| Complete 
|  27|0x0000000709400000, 0x0000000709600000, 0x0000000709600000|100%| S|CS|TAMS 0x0000000709400000| PB 0x0000000709400000| Complete 
|  28|0x0000000709600000, 0x0000000709800000, 0x0000000709800000|100%| S|CS|TAMS 0x0000000709600000| PB 0x0000000709600000| Complete 
|  29|0x0000000709800000, 0x0000000709a00000, 0x0000000709a00000|100%| S|CS|TAMS 0x0000000709800000| PB 0x0000000709800000| Complete 
|  30|0x0000000709a00000, 0x0000000709c00000, 0x0000000709c00000|100%| S|CS|TAMS 0x0000000709a00000| PB 0x0000000709a00000| Complete 
|  31|0x0000000709c00000, 0x0000000709c00000, 0x0000000709e00000|  0%| F|  |TAMS 0x0000000709c00000| PB 0x0000000709c00000| Untracked 
|  32|0x0000000709e00000, 0x0000000709e00000, 0x000000070a000000|  0%| F|  |TAMS 0x0000000709e00000| PB 0x0000000709e00000| Untracked 
|  33|0x000000070a000000, 0x000000070a000000, 0x000000070a200000|  0%| F|  |TAMS 0x000000070a000000| PB 0x000000070a000000| Untracked 
|  34|0x000000070a200000, 0x000000070a200000, 0x000000070a400000|  0%| F|  |TAMS 0x000000070a200000| PB 0x000000070a200000| Untracked 
|  35|0x000000070a400000, 0x000000070a400000, 0x000000070a600000|  0%| F|  |TAMS 0x000000070a400000| PB 0x000000070a400000| Untracked 
|  36|0x000000070a600000, 0x000000070a600000, 0x000000070a800000|  0%| F|  |TAMS 0x000000070a600000| PB 0x000000070a600000| Untracked 
|  37|0x000000070a800000, 0x000000070a800000, 0x000000070aa00000|  0%| F|  |TAMS 0x000000070a800000| PB 0x000000070a800000| Untracked 
|  38|0x000000070aa00000, 0x000000070aa00000, 0x000000070ac00000|  0%| F|  |TAMS 0x000000070aa00000| PB 0x000000070aa00000| Untracked 
|  39|0x000000070ac00000, 0x000000070ac00000, 0x000000070ae00000|  0%| F|  |TAMS 0x000000070ac00000| PB 0x000000070ac00000| Untracked 
|  40|0x000000070ae00000, 0x000000070ae00000, 0x000000070b000000|  0%| F|  |TAMS 0x000000070ae00000| PB 0x000000070ae00000| Untracked 
|  41|0x000000070b000000, 0x000000070b000000, 0x000000070b200000|  0%| F|  |TAMS 0x000000070b000000| PB 0x000000070b000000| Untracked 
|  42|0x000000070b200000, 0x000000070b200000, 0x000000070b400000|  0%| F|  |TAMS 0x000000070b200000| PB 0x000000070b200000| Untracked 
|  43|0x000000070b400000, 0x000000070b400000, 0x000000070b600000|  0%| F|  |TAMS 0x000000070b400000| PB 0x000000070b400000| Untracked 
|  44|0x000000070b600000, 0x000000070b600000, 0x000000070b800000|  0%| F|  |TAMS 0x000000070b600000| PB 0x000000070b600000| Untracked 
|  45|0x000000070b800000, 0x000000070b800000, 0x000000070ba00000|  0%| F|  |TAMS 0x000000070b800000| PB 0x000000070b800000| Untracked 
|  46|0x000000070ba00000, 0x000000070ba00000, 0x000000070bc00000|  0%| F|  |TAMS 0x000000070ba00000| PB 0x000000070ba00000| Untracked 
|  47|0x000000070bc00000, 0x000000070bc00000, 0x000000070be00000|  0%| F|  |TAMS 0x000000070bc00000| PB 0x000000070bc00000| Untracked 
|  48|0x000000070be00000, 0x000000070be00000, 0x000000070c000000|  0%| F|  |TAMS 0x000000070be00000| PB 0x000000070be00000| Untracked 
|  49|0x000000070c000000, 0x000000070c000000, 0x000000070c200000|  0%| F|  |TAMS 0x000000070c000000| PB 0x000000070c000000| Untracked 
|  50|0x000000070c200000, 0x000000070c200000, 0x000000070c400000|  0%| F|  |TAMS 0x000000070c200000| PB 0x000000070c200000| Untracked 
|  51|0x000000070c400000, 0x000000070c400000, 0x000000070c600000|  0%| F|  |TAMS 0x000000070c400000| PB 0x000000070c400000| Untracked 
|  52|0x000000070c600000, 0x000000070c600000, 0x000000070c800000|  0%| F|  |TAMS 0x000000070c600000| PB 0x000000070c600000| Untracked 
|  53|0x000000070c800000, 0x000000070c800000, 0x000000070ca00000|  0%| F|  |TAMS 0x000000070c800000| PB 0x000000070c800000| Untracked 
|  54|0x000000070ca00000, 0x000000070ca00000, 0x000000070cc00000|  0%| F|  |TAMS 0x000000070ca00000| PB 0x000000070ca00000| Untracked 
|  55|0x000000070cc00000, 0x000000070cd00000, 0x000000070ce00000| 50%| E|  |TAMS 0x000000070cc00000| PB 0x000000070cc00000| Complete 
|  56|0x000000070ce00000, 0x000000070d000000, 0x000000070d000000|100%| E|CS|TAMS 0x000000070ce00000| PB 0x000000070ce00000| Complete 
|  57|0x000000070d000000, 0x000000070d200000, 0x000000070d200000|100%| E|CS|TAMS 0x000000070d000000| PB 0x000000070d000000| Complete 
|  58|0x000000070d200000, 0x000000070d400000, 0x000000070d400000|100%| E|CS|TAMS 0x000000070d200000| PB 0x000000070d200000| Complete 
|  59|0x000000070d400000, 0x000000070d600000, 0x000000070d600000|100%| E|CS|TAMS 0x000000070d400000| PB 0x000000070d400000| Complete 
|  60|0x000000070d600000, 0x000000070d800000, 0x000000070d800000|100%| E|CS|TAMS 0x000000070d600000| PB 0x000000070d600000| Complete 
|  61|0x000000070d800000, 0x000000070da00000, 0x000000070da00000|100%| E|CS|TAMS 0x000000070d800000| PB 0x000000070d800000| Complete 
|  62|0x000000070da00000, 0x000000070dc00000, 0x000000070dc00000|100%| E|CS|TAMS 0x000000070da00000| PB 0x000000070da00000| Complete 
|  63|0x000000070dc00000, 0x000000070de00000, 0x000000070de00000|100%| E|CS|TAMS 0x000000070dc00000| PB 0x000000070dc00000| Complete 
|  64|0x000000070de00000, 0x000000070e000000, 0x000000070e000000|100%| E|CS|TAMS 0x000000070de00000| PB 0x000000070de00000| Complete 
|  65|0x000000070e000000, 0x000000070e200000, 0x000000070e200000|100%| E|CS|TAMS 0x000000070e000000| PB 0x000000070e000000| Complete 
|  66|0x000000070e200000, 0x000000070e400000, 0x000000070e400000|100%| E|CS|TAMS 0x000000070e200000| PB 0x000000070e200000| Complete 
|  67|0x000000070e400000, 0x000000070e600000, 0x000000070e600000|100%| E|CS|TAMS 0x000000070e400000| PB 0x000000070e400000| Complete 
|  68|0x000000070e600000, 0x000000070e800000, 0x000000070e800000|100%| E|CS|TAMS 0x000000070e600000| PB 0x000000070e600000| Complete 
|  69|0x000000070e800000, 0x000000070ea00000, 0x000000070ea00000|100%| E|CS|TAMS 0x000000070e800000| PB 0x000000070e800000| Complete 
| 106|0x0000000713200000, 0x0000000713400000, 0x0000000713400000|100%| E|CS|TAMS 0x0000000713200000| PB 0x0000000713200000| Complete 
| 107|0x0000000713400000, 0x0000000713600000, 0x0000000713600000|100%| E|CS|TAMS 0x0000000713400000| PB 0x0000000713400000| Complete 
| 108|0x0000000713600000, 0x0000000713800000, 0x0000000713800000|100%| E|CS|TAMS 0x0000000713600000| PB 0x0000000713600000| Complete 
| 125|0x0000000715800000, 0x0000000715a00000, 0x0000000715a00000|100%| E|CS|TAMS 0x0000000715800000| PB 0x0000000715800000| Complete 

Card table byte_map: [0x000001dc711f0000,0x000001dc719d0000] _byte_map_base: 0x000001dc6d9c1000

Marking Bits: (CMBitMap*) 0x000001dc5e083210
 Bits: [0x000001dc719d0000, 0x000001dc75858000)

Polling page: 0x000001dc5c0e0000

Metaspace:

Usage:
  Non-class:     54.57 MB used.
      Class:      7.21 MB used.
       Both:     61.78 MB used.

Virtual space:
  Non-class space:       64.00 MB reserved,      54.69 MB ( 85%) committed,  1 nodes.
      Class space:        1.00 GB reserved,       7.31 MB ( <1%) committed,  1 nodes.
             Both:        1.06 GB reserved,      62.00 MB (  6%) committed. 

Chunk freelists:
   Non-Class:  8.42 MB
       Class:  8.72 MB
        Both:  17.14 MB

MaxMetaspaceSize: unlimited
CompressedClassSpaceSize: 1.00 GB
Initial GC threshold: 21.00 MB
Current GC threshold: 72.75 MB
CDS: off
 - commit_granule_bytes: 65536.
 - commit_granule_words: 8192.
 - virtual_space_node_default_size: 8388608.
 - enlarge_chunks_in_place: 1.
 - use_allocation_guard: 0.


Internal statistics:

num_allocs_failed_limit: 6.
num_arena_births: 282.
num_arena_deaths: 0.
num_vsnodes_births: 2.
num_vsnodes_deaths: 0.
num_space_committed: 991.
num_space_uncommitted: 0.
num_chunks_returned_to_freelist: 6.
num_chunks_taken_from_freelist: 2123.
num_chunk_merges: 6.
num_chunk_splits: 1814.
num_chunks_enlarged: 1661.
num_inconsistent_stats: 0.

CodeHeap 'non-profiled nmethods': size=119168Kb used=3014Kb max_used=3014Kb free=116153Kb
 bounds [0x000001dc68d20000, 0x000001dc69020000, 0x000001dc70180000]
CodeHeap 'profiled nmethods': size=119104Kb used=15535Kb max_used=15535Kb free=103568Kb
 bounds [0x000001dc61180000, 0x000001dc620b0000, 0x000001dc685d0000]
CodeHeap 'non-nmethods': size=7488Kb used=3241Kb max_used=3274Kb free=4246Kb
 bounds [0x000001dc685d0000, 0x000001dc68960000, 0x000001dc68d20000]
CodeCache: size=245760Kb, used=21790Kb, max_used=21823Kb, free=223967Kb
 total_blobs=6601, nmethods=5892, adapters=608, full_count=0
Compilation: enabled, stopped_count=0, restarted_count=0

Compilation events (20 events):
Event: 16.725 Thread 0x000001dc78b10af0 nmethod 6176 0x000001dc6900f010 code [0x000001dc6900f1a0, 0x000001dc6900f270]
Event: 16.727 Thread 0x000001dc7e3a70b0 nmethod 6175 0x000001dc620a2f90 code [0x000001dc620a3540, 0x000001dc620a6400]
Event: 16.729 Thread 0x000001dc7e3ac270 nmethod 6172 0x000001dc6900f310 code [0x000001dc6900f4c0, 0x000001dc6900fb80]
Event: 16.731 Thread 0x000001dc7e3a70b0 6177       3       org.jetbrains.kotlin.fir.declarations.impl.FirResolvedImportImpl::transformChildren (10 bytes)
Event: 16.731 Thread 0x000001dc78b10af0 6178       3       org.jetbrains.kotlin.fir.declarations.impl.FirResolvedImportImpl::transformChildren (8 bytes)
Event: 16.732 Thread 0x000001dc78b10af0 nmethod 6178 0x000001dc620a7210 code [0x000001dc620a7420, 0x000001dc620a79c0]
Event: 16.732 Thread 0x000001dc7e3a70b0 nmethod 6177 0x000001dc620a7c10 code [0x000001dc620a7e40, 0x000001dc620a8460]
Event: 16.732 Thread 0x000001dc7e3ac270 6179       4       org.jetbrains.kotlin.fir.visitors.FirTransformerUtilKt::transformInplace-aLnlfrU (21 bytes)
Event: 16.732 Thread 0x000001dc78b10af0 6180       1       org.jetbrains.kotlin.fir.resolve.transformers.body.resolve.FirAbstractBodyResolveTransformerDispatcher::getResolutionContext (5 bytes)
Event: 16.733 Thread 0x000001dc78b10af0 nmethod 6180 0x000001dc6900fd90 code [0x000001dc6900ff20, 0x000001dc6900fff0]
Event: 16.733 Thread 0x000001dc78b10af0 6181       3       org.jetbrains.kotlin.fir.resolve.calls.tower.ScopeBasedTowerLevel::<init> (90 bytes)
Event: 16.733 Thread 0x000001dc7e3a70b0 6182       1       org.jetbrains.kotlin.fir.types.TypeComponents::getTypeApproximator (5 bytes)
Event: 16.733 Thread 0x000001dc7e3a70b0 nmethod 6182 0x000001dc69010090 code [0x000001dc69010220, 0x000001dc690102f0]
Event: 16.734 Thread 0x000001dc7e3ac270 nmethod 6179 0x000001dc69010390 code [0x000001dc69010520, 0x000001dc690105e0]
Event: 16.734 Thread 0x000001dc7e3a70b0 6183       1       org.jetbrains.kotlin.fir.resolve.calls.tower.TowerDataElementsForName::getNonLocalTowerDataElements (5 bytes)
Event: 16.734 Thread 0x000001dc7e3a70b0 nmethod 6183 0x000001dc69010710 code [0x000001dc690108a0, 0x000001dc69010970]
Event: 16.734 Thread 0x000001dc7e3a70b0 6184       3       org.jetbrains.kotlin.fir.resolve.transformers.body.resolve.BodyResolveContext::getTowerDataMode (8 bytes)
Event: 16.735 Thread 0x000001dc7e3a70b0 nmethod 6184 0x000001dc620a8710 code [0x000001dc620a88a0, 0x000001dc620a89d8]
Event: 16.735 Thread 0x000001dc7e3ac270 6185       4       org.jetbrains.kotlin.fir.resolve.TypeExpansionUtilsKt::fullyExpandedType$default (20 bytes)
Event: 16.736 Thread 0x000001dc78b10af0 nmethod 6181 0x000001dc620a8a90 code [0x000001dc620a8f40, 0x000001dc620ab108]

GC Heap History (20 events):
Event: 1.536 GC heap before
{Heap before GC invocations=0 (full 0):
 garbage-first heap   total 258048K, used 24576K [0x0000000705e00000, 0x0000000800000000)
  region size 2048K, 11 young (22528K), 0 survivors (0K)
 Metaspace       used 13664K, committed 13824K, reserved 1114112K
  class space    used 1283K, committed 1344K, reserved 1048576K
}
Event: 1.551 GC heap after
{Heap after GC invocations=1 (full 0):
 garbage-first heap   total 258048K, used 7045K [0x0000000705e00000, 0x0000000800000000)
  region size 2048K, 2 young (4096K), 2 survivors (4096K)
 Metaspace       used 13664K, committed 13824K, reserved 1114112K
  class space    used 1283K, committed 1344K, reserved 1048576K
}
Event: 2.835 GC heap before
{Heap before GC invocations=1 (full 0):
 garbage-first heap   total 258048K, used 33669K [0x0000000705e00000, 0x0000000800000000)
  region size 2048K, 17 young (34816K), 2 survivors (4096K)
 Metaspace       used 21358K, committed 21504K, reserved 1114112K
  class space    used 2330K, committed 2432K, reserved 1048576K
}
Event: 2.845 GC heap after
{Heap after GC invocations=2 (full 0):
 garbage-first heap   total 258048K, used 10033K [0x0000000705e00000, 0x0000000800000000)
  region size 2048K, 3 young (6144K), 3 survivors (6144K)
 Metaspace       used 21358K, committed 21504K, reserved 1114112K
  class space    used 2330K, committed 2432K, reserved 1048576K
}
Event: 4.697 GC heap before
{Heap before GC invocations=3 (full 0):
 garbage-first heap   total 34816K, used 34609K [0x0000000705e00000, 0x0000000800000000)
  region size 2048K, 15 young (30720K), 3 survivors (6144K)
 Metaspace       used 30267K, committed 30528K, reserved 1114112K
  class space    used 3881K, committed 4032K, reserved 1048576K
}
Event: 4.709 GC heap after
{Heap after GC invocations=4 (full 0):
 garbage-first heap   total 43008K, used 11038K [0x0000000705e00000, 0x0000000800000000)
  region size 2048K, 4 young (8192K), 4 survivors (8192K)
 Metaspace       used 30267K, committed 30528K, reserved 1114112K
  class space    used 3881K, committed 4032K, reserved 1048576K
}
Event: 5.308 GC heap before
{Heap before GC invocations=4 (full 0):
 garbage-first heap   total 43008K, used 27422K [0x0000000705e00000, 0x0000000800000000)
  region size 2048K, 12 young (24576K), 4 survivors (8192K)
 Metaspace       used 32303K, committed 32512K, reserved 1114112K
  class space    used 4152K, committed 4288K, reserved 1048576K
}
Event: 5.323 GC heap after
{Heap after GC invocations=5 (full 0):
 garbage-first heap   total 43008K, used 15110K [0x0000000705e00000, 0x0000000800000000)
  region size 2048K, 2 young (4096K), 2 survivors (4096K)
 Metaspace       used 32303K, committed 32512K, reserved 1114112K
  class space    used 4152K, committed 4288K, reserved 1048576K
}
Event: 6.455 GC heap before
{Heap before GC invocations=5 (full 0):
 garbage-first heap   total 43008K, used 29446K [0x0000000705e00000, 0x0000000800000000)
  region size 2048K, 10 young (20480K), 2 survivors (4096K)
 Metaspace       used 36109K, committed 36288K, reserved 1114112K
  class space    used 4574K, committed 4672K, reserved 1048576K
}
Event: 6.470 GC heap after
{Heap after GC invocations=6 (full 0):
 garbage-first heap   total 43008K, used 17391K [0x0000000705e00000, 0x0000000800000000)
  region size 2048K, 1 young (2048K), 1 survivors (2048K)
 Metaspace       used 36109K, committed 36288K, reserved 1114112K
  class space    used 4574K, committed 4672K, reserved 1048576K
}
Event: 7.670 GC heap before
{Heap before GC invocations=7 (full 0):
 garbage-first heap   total 43008K, used 33775K [0x0000000705e00000, 0x0000000800000000)
  region size 2048K, 9 young (18432K), 1 survivors (2048K)
 Metaspace       used 39094K, committed 39360K, reserved 1114112K
  class space    used 4915K, committed 4992K, reserved 1048576K
}
Event: 7.681 GC heap after
{Heap after GC invocations=8 (full 0):
 garbage-first heap   total 43008K, used 19726K [0x0000000705e00000, 0x0000000800000000)
  region size 2048K, 2 young (4096K), 2 survivors (4096K)
 Metaspace       used 39094K, committed 39360K, reserved 1114112K
  class space    used 4915K, committed 4992K, reserved 1048576K
}
Event: 8.331 GC heap before
{Heap before GC invocations=8 (full 0):
 garbage-first heap   total 43008K, used 34062K [0x0000000705e00000, 0x0000000800000000)
  region size 2048K, 9 young (18432K), 2 survivors (4096K)
 Metaspace       used 41242K, committed 41536K, reserved 1114112K
  class space    used 5139K, committed 5248K, reserved 1048576K
}
Event: 8.343 GC heap after
{Heap after GC invocations=9 (full 0):
 garbage-first heap   total 43008K, used 21639K [0x0000000705e00000, 0x0000000800000000)
  region size 2048K, 1 young (2048K), 1 survivors (2048K)
 Metaspace       used 41242K, committed 41536K, reserved 1114112K
  class space    used 5139K, committed 5248K, reserved 1048576K
}
Event: 9.017 GC heap before
{Heap before GC invocations=9 (full 0):
 garbage-first heap   total 43008K, used 31879K [0x0000000705e00000, 0x0000000800000000)
  region size 2048K, 7 young (14336K), 1 survivors (2048K)
 Metaspace       used 44390K, committed 44608K, reserved 1114112K
  class space    used 5464K, committed 5568K, reserved 1048576K
}
Event: 9.024 GC heap after
{Heap after GC invocations=10 (full 0):
 garbage-first heap   total 43008K, used 22603K [0x0000000705e00000, 0x0000000800000000)
  region size 2048K, 1 young (2048K), 1 survivors (2048K)
 Metaspace       used 44390K, committed 44608K, reserved 1114112K
  class space    used 5464K, committed 5568K, reserved 1048576K
}
Event: 9.766 GC heap before
{Heap before GC invocations=11 (full 0):
 garbage-first heap   total 43008K, used 32843K [0x0000000705e00000, 0x0000000800000000)
  region size 2048K, 7 young (14336K), 1 survivors (2048K)
 Metaspace       used 48172K, committed 48384K, reserved 1114112K
  class space    used 5819K, committed 5888K, reserved 1048576K
}
Event: 9.774 GC heap after
{Heap after GC invocations=12 (full 0):
 garbage-first heap   total 151552K, used 23299K [0x0000000705e00000, 0x0000000800000000)
  region size 2048K, 1 young (2048K), 1 survivors (2048K)
 Metaspace       used 48172K, committed 48384K, reserved 1114112K
  class space    used 5819K, committed 5888K, reserved 1048576K
}
Event: 14.488 GC heap before
{Heap before GC invocations=12 (full 0):
 garbage-first heap   total 151552K, used 109315K [0x0000000705e00000, 0x0000000800000000)
  region size 2048K, 44 young (90112K), 1 survivors (2048K)
 Metaspace       used 59818K, committed 60032K, reserved 1114112K
  class space    used 6970K, committed 7040K, reserved 1048576K
}
Event: 14.524 GC heap after
{Heap after GC invocations=13 (full 0):
 garbage-first heap   total 151552K, used 40900K [0x0000000705e00000, 0x0000000800000000)
  region size 2048K, 6 young (12288K), 6 survivors (12288K)
 Metaspace       used 59818K, committed 60032K, reserved 1114112K
  class space    used 6970K, committed 7040K, reserved 1048576K
}

Dll operation events (3 events):
Event: 0.042 Loaded shared library C:\Program Files\Android\Android Studio\jbr\bin\java.dll
Event: 0.082 Loaded shared library C:\Program Files\Android\Android Studio\jbr\bin\zip.dll
Event: 5.835 Loaded shared library C:\Program Files\Android\Android Studio\jbr\bin\verify.dll

Deoptimization events (20 events):
Event: 16.098 Thread 0x000001dc5bc22ae0 DEOPT PACKING pc=0x000001dc68fd3014 sp=0x00000023897f9bf0
Event: 16.098 Thread 0x000001dc5bc22ae0 DEOPT UNPACKING pc=0x000001dc68624422 sp=0x00000023897f9bc8 mode 2
Event: 16.183 Thread 0x000001dc5bc22ae0 DEOPT PACKING pc=0x000001dc6153516a sp=0x00000023897f9550
Event: 16.183 Thread 0x000001dc5bc22ae0 DEOPT UNPACKING pc=0x000001dc68624bc2 sp=0x00000023897f8a10 mode 0
Event: 16.278 Thread 0x000001dc5bc22ae0 Uncommon trap: trap_request=0xffffff45 fr.pc=0x000001dc68f19994 relative=0x00000000000028f4
Event: 16.278 Thread 0x000001dc5bc22ae0 Uncommon trap: reason=unstable_if action=reinterpret pc=0x000001dc68f19994 method=org.jetbrains.kotlin.metadata.ProtoBuf$ValueParameter.<init>(Lorg/jetbrains/kotlin/protobuf/CodedInputStream;Lorg/jetbrains/kotlin/protobuf/ExtensionRegistryLite;)V @ 49 c2
Event: 16.278 Thread 0x000001dc5bc22ae0 DEOPT PACKING pc=0x000001dc68f19994 sp=0x00000023897f8c40
Event: 16.279 Thread 0x000001dc5bc22ae0 DEOPT UNPACKING pc=0x000001dc68624422 sp=0x00000023897f8be8 mode 2
Event: 16.279 Thread 0x000001dc5bc22ae0 Uncommon trap: trap_request=0xffffff45 fr.pc=0x000001dc68fb08e0 relative=0x0000000000000700
Event: 16.279 Thread 0x000001dc5bc22ae0 Uncommon trap: reason=unstable_if action=reinterpret pc=0x000001dc68fb08e0 method=org.jetbrains.kotlin.metadata.ProtoBuf$ValueParameter.hasAnnotationParameterDefaultValue()Z @ 9 c2
Event: 16.279 Thread 0x000001dc5bc22ae0 DEOPT PACKING pc=0x000001dc68fb08e0 sp=0x00000023897f9230
Event: 16.279 Thread 0x000001dc5bc22ae0 DEOPT UNPACKING pc=0x000001dc68624422 sp=0x00000023897f9178 mode 2
Event: 16.557 Thread 0x000001dc5bc22ae0 Uncommon trap: trap_request=0xffffffcc fr.pc=0x000001dc69002b80 relative=0x0000000000000240
Event: 16.557 Thread 0x000001dc5bc22ae0 Uncommon trap: reason=intrinsic_or_type_checked_inlining action=make_not_entrant pc=0x000001dc69002b80 method=java.util.ArrayList.toArray([Ljava/lang/Object;)[Ljava/lang/Object; @ 36 c2
Event: 16.557 Thread 0x000001dc5bc22ae0 DEOPT PACKING pc=0x000001dc69002b80 sp=0x00000023897f99e0
Event: 16.557 Thread 0x000001dc5bc22ae0 DEOPT UNPACKING pc=0x000001dc68624422 sp=0x00000023897f9980 mode 2
Event: 16.603 Thread 0x000001dc5bc22ae0 Uncommon trap: trap_request=0xffffffdc fr.pc=0x000001dc69004a00 relative=0x00000000000002c0
Event: 16.603 Thread 0x000001dc5bc22ae0 Uncommon trap: reason=class_check action=make_not_entrant pc=0x000001dc69004a00 method=java.util.ArrayList.toArray([Ljava/lang/Object;)[Ljava/lang/Object; @ 21 c2
Event: 16.603 Thread 0x000001dc5bc22ae0 DEOPT PACKING pc=0x000001dc69004a00 sp=0x00000023897f92a0
Event: 16.603 Thread 0x000001dc5bc22ae0 DEOPT UNPACKING pc=0x000001dc68624422 sp=0x00000023897f9260 mode 2

Classes loaded (20 events):
Event: 11.330 Loading class java/util/concurrent/atomic/AtomicIntegerArray
Event: 11.331 Loading class java/util/concurrent/atomic/AtomicIntegerArray done
Event: 11.331 Loading class java/util/concurrent/atomic/AtomicLongArray
Event: 11.331 Loading class java/util/concurrent/atomic/AtomicLongArray done
Event: 11.861 Loading class java/util/AbstractList$ListItr
Event: 11.861 Loading class java/util/AbstractList$ListItr done
Event: 12.980 Loading class java/lang/Byte$ByteCache
Event: 12.980 Loading class java/lang/Byte$ByteCache done
Event: 12.981 Loading class java/lang/Short$ShortCache
Event: 12.981 Loading class java/lang/Short$ShortCache done
Event: 13.777 Loading class java/util/RegularEnumSet$EnumSetIterator
Event: 13.777 Loading class java/util/RegularEnumSet$EnumSetIterator done
Event: 14.201 Loading class java/security/CodeSigner
Event: 14.201 Loading class java/security/CodeSigner done
Event: 15.487 Loading class java/util/AbstractList$RandomAccessSubList
Event: 15.487 Loading class java/util/AbstractList$SubList
Event: 15.487 Loading class java/util/AbstractList$SubList done
Event: 15.487 Loading class java/util/AbstractList$RandomAccessSubList done
Event: 15.707 Loading class java/util/AbstractList$SubList$1
Event: 15.708 Loading class java/util/AbstractList$SubList$1 done

Classes unloaded (0 events):
No events

Classes redefined (0 events):
No events

Internal exceptions (20 events):
Event: 7.740 Thread 0x000001dc5bc22ae0 Exception <a 'java/lang/NoSuchMethodError'{0x00000007137f7768}: 'java.lang.Object java.lang.invoke.DirectMethodHandle$Holder.invokeSpecial(java.lang.Object, java.lang.Object, java.lang.Object, int, int)'> (0x00000007137f7768) 
thrown [s\src\hotspot\share\interpreter\linkResolver.cpp, line 784]
Event: 10.928 Thread 0x000001dc5bc22ae0 Exception <a 'java/lang/NoSuchMethodError'{0x000000070dcc84f0}: 'java.lang.Object java.lang.invoke.DirectMethodHandle$Holder.newInvokeSpecial(java.lang.Object, java.lang.Object, java.lang.Object, int, java.lang.Object)'> (0x000000070dcc84f0) 
thrown [s\src\hotspot\share\interpreter\linkResolver.cpp, line 784]
Event: 11.546 Thread 0x000001dc5bc22ae0 Exception <a 'java/lang/NoSuchMethodError'{0x000000070d0dac18}: 'java.lang.Object java.lang.invoke.DirectMethodHandle$Holder.newInvokeSpecial(java.lang.Object, java.lang.Object, java.lang.Object, java.lang.Object, int)'> (0x000000070d0dac18) 
thrown [s\src\hotspot\share\interpreter\linkResolver.cpp, line 784]
Event: 11.547 Thread 0x000001dc5bc22ae0 Exception <a 'java/lang/NoSuchMethodError'{0x000000070d0df2d0}: 'java.lang.Object java.lang.invoke.DirectMethodHandle$Holder.invokeSpecial(java.lang.Object, java.lang.Object, java.lang.Object, java.lang.Object, java.lang.Object, int)'> (0x000000070d0df2d0) 
thrown [s\src\hotspot\share\interpreter\linkResolver.cpp, line 784]
Event: 11.549 Thread 0x000001dc5bc22ae0 Exception <a 'java/lang/NoSuchMethodError'{0x000000070d0e32c0}: 'java.lang.Object java.lang.invoke.Invokers$Holder.linkToTargetMethod(java.lang.Object, java.lang.Object, java.lang.Object, int, java.lang.Object)'> (0x000000070d0e32c0) 
thrown [s\src\hotspot\share\interpreter\linkResolver.cpp, line 784]
Event: 11.941 Thread 0x000001dc5bc22ae0 Implicit null exception at 0x000001dc68da85c7 to 0x000001dc68da8874
Event: 13.502 Thread 0x000001dc5bc22ae0 Exception <a 'java/lang/NoSuchMethodError'{0x000000070a59c918}: 'java.lang.Object java.lang.invoke.DirectMethodHandle$Holder.newInvokeSpecial(java.lang.Object, java.lang.Object, java.lang.Object, java.lang.Object, java.lang.Object, java.lang.Object)'> (0x000000070a59c918) 
thrown [s\src\hotspot\share\interpreter\linkResolver.cpp, line 784]
Event: 14.524 Thread 0x000001dc78ad11e0 Implicit null exception at 0x000001dc68eee80c to 0x000001dc68eeeff0
Event: 14.812 Thread 0x000001dc5bc22ae0 Exception <a 'java/lang/NoSuchMethodError'{0x00000007134daf68}: 'java.lang.Object java.lang.invoke.DirectMethodHandle$Holder.newInvokeSpecial(java.lang.Object, int, java.lang.Object)'> (0x00000007134daf68) 
thrown [s\src\hotspot\share\interpreter\linkResolver.cpp, line 784]
Event: 14.821 Thread 0x000001dc5bc22ae0 Exception <a 'java/lang/NoSuchMethodError'{0x0000000713516368}: 'java.lang.Object java.lang.invoke.DirectMethodHandle$Holder.newInvokeSpecial(java.lang.Object, java.lang.Object, java.lang.Object, java.lang.Object, int, java.lang.Object, java.lang.Object)'> (0x0000000713516368) 
thrown [s\src\hotspot\share\interpreter\linkResolver.cpp, line 784]
Event: 14.822 Thread 0x000001dc5bc22ae0 Exception <a 'java/lang/NoSuchMethodError'{0x000000071351e768}: 'java.lang.Object java.lang.invoke.Invokers$Holder.linkToTargetMethod(java.lang.Object, java.lang.Object, java.lang.Object, int, java.lang.Object, java.lang.Object, java.lang.Object)'> (0x000000071351e768) 
thrown [s\src\hotspot\share\interpreter\linkResolver.cpp, line 784]
Event: 15.924 Thread 0x000001dc5bc22ae0 Exception <a 'java/lang/NoSuchMethodError'{0x000000070d96f120}: 'java.lang.Object java.lang.invoke.DirectMethodHandle$Holder.invokeStatic(java.lang.Object, java.lang.Object, java.lang.Object, int, java.lang.Object, java.lang.Object)'> (0x000000070d96f120) 
thrown [s\src\hotspot\share\interpreter\linkResolver.cpp, line 784]
Event: 15.925 Thread 0x000001dc5bc22ae0 Exception <a 'java/lang/NoSuchMethodError'{0x000000070d977620}: 'java.lang.Object java.lang.invoke.DirectMethodHandle$Holder.newInvokeSpecial(java.lang.Object, java.lang.Object, java.lang.Object, int)'> (0x000000070d977620) 
thrown [s\src\hotspot\share\interpreter\linkResolver.cpp, line 784]
Event: 15.926 Thread 0x000001dc5bc22ae0 Exception <a 'java/lang/NoSuchMethodError'{0x000000070d97bc50}: 'java.lang.Object java.lang.invoke.DirectMethodHandle$Holder.invokeSpecial(java.lang.Object, java.lang.Object, java.lang.Object, java.lang.Object, int)'> (0x000000070d97bc50) 
thrown [s\src\hotspot\share\interpreter\linkResolver.cpp, line 784]
Event: 15.927 Thread 0x000001dc5bc22ae0 Exception <a 'java/lang/NoSuchMethodError'{0x000000070d97fba8}: 'java.lang.Object java.lang.invoke.Invokers$Holder.linkToTargetMethod(java.lang.Object, java.lang.Object, int, java.lang.Object)'> (0x000000070d97fba8) 
thrown [s\src\hotspot\share\interpreter\linkResolver.cpp, line 784]
Event: 15.951 Thread 0x000001dc5bc22ae0 Exception <a 'java/lang/NoSuchMethodError'{0x000000070d9dad20}: 'java.lang.Object java.lang.invoke.DirectMethodHandle$Holder.newInvokeSpecial(java.lang.Object, java.lang.Object, java.lang.Object, java.lang.Object, java.lang.Object, int)'> (0x000000070d9dad20) 
thrown [s\src\hotspot\share\interpreter\linkResolver.cpp, line 784]
Event: 15.952 Thread 0x000001dc5bc22ae0 Exception <a 'java/lang/NoSuchMethodError'{0x000000070d9dfa28}: 'java.lang.Object java.lang.invoke.DirectMethodHandle$Holder.invokeSpecial(java.lang.Object, java.lang.Object, java.lang.Object, java.lang.Object, java.lang.Object, java.lang.Object, int)'> (0x000000070d9dfa28) 
thrown [s\src\hotspot\share\interpreter\linkResolver.cpp, line 784]
Event: 15.953 Thread 0x000001dc5bc22ae0 Exception <a 'java/lang/NoSuchMethodError'{0x000000070d9e4070}: 'java.lang.Object java.lang.invoke.Invokers$Holder.linkToTargetMethod(java.lang.Object, java.lang.Object, java.lang.Object, java.lang.Object, int, java.lang.Object)'> (0x000000070d9e4070) 
thrown [s\src\hotspot\share\interpreter\linkResolver.cpp, line 784]
Event: 16.087 Thread 0x000001dc5bc22ae0 Exception <a 'java/lang/NoSuchMethodError'{0x000000070d491ce8}: 'java.lang.Object java.lang.invoke.DirectMethodHandle$Holder.invokeSpecial(java.lang.Object, java.lang.Object, int, java.lang.Object, java.lang.Object)'> (0x000000070d491ce8) 
thrown [s\src\hotspot\share\interpreter\linkResolver.cpp, line 784]
Event: 16.137 Thread 0x000001dc5bc22ae0 Exception <a 'java/lang/NoSuchMethodError'{0x000000070d56a4f8}: 'java.lang.Object java.lang.invoke.DirectMethodHandle$Holder.invokeStatic(java.lang.Object, int, java.lang.Object, java.lang.Object)'> (0x000000070d56a4f8) 
thrown [s\src\hotspot\share\interpreter\linkResolver.cpp, line 784]

ZGC Phase Switch (0 events):
No events

VM Operations (20 events):
Event: 14.488 Executing safepoint VM operation: G1CollectForAllocation (G1 Evacuation Pause)
Event: 14.524 Executing safepoint VM operation: G1CollectForAllocation (G1 Evacuation Pause) done
Event: 14.895 Executing non-safepoint VM operation: HandshakeAllThreads (Deoptimize)
Event: 14.895 Executing non-safepoint VM operation: HandshakeAllThreads (Deoptimize) done
Event: 15.402 Executing non-safepoint VM operation: HandshakeAllThreads (Deoptimize)
Event: 15.402 Executing non-safepoint VM operation: HandshakeAllThreads (Deoptimize) done
Event: 15.520 Executing safepoint VM operation: ICBufferFull
Event: 15.520 Executing safepoint VM operation: ICBufferFull done
Event: 15.582 Executing non-safepoint VM operation: HandshakeAllThreads (Deoptimize)
Event: 15.582 Executing non-safepoint VM operation: HandshakeAllThreads (Deoptimize) done
Event: 16.104 Executing non-safepoint VM operation: HandshakeAllThreads (Deoptimize)
Event: 16.104 Executing non-safepoint VM operation: HandshakeAllThreads (Deoptimize) done
Event: 16.105 Executing non-safepoint VM operation: HandshakeAllThreads (Deoptimize)
Event: 16.105 Executing non-safepoint VM operation: HandshakeAllThreads (Deoptimize) done
Event: 16.111 Executing safepoint VM operation: ICBufferFull
Event: 16.111 Executing safepoint VM operation: ICBufferFull done
Event: 16.202 Executing non-safepoint VM operation: HandshakeAllThreads (Deoptimize)
Event: 16.202 Executing non-safepoint VM operation: HandshakeAllThreads (Deoptimize) done
Event: 16.473 Executing safepoint VM operation: ICBufferFull
Event: 16.473 Executing safepoint VM operation: ICBufferFull done

Memory protections (0 events):
No events

Nmethod flushes (20 events):
Event: 9.046 Thread 0x000001dc78a5b350 flushing  nmethod 0x000001dc613d9390
Event: 9.046 Thread 0x000001dc78a5b350 flushing  nmethod 0x000001dc614be310
Event: 9.046 Thread 0x000001dc78a5b350 flushing  nmethod 0x000001dc614bea10
Event: 9.046 Thread 0x000001dc78a5b350 flushing  nmethod 0x000001dc614bfa10
Event: 9.046 Thread 0x000001dc78a5b350 flushing  nmethod 0x000001dc614ce310
Event: 9.046 Thread 0x000001dc78a5b350 flushing  nmethod 0x000001dc614cea10
Event: 9.046 Thread 0x000001dc78a5b350 flushing  nmethod 0x000001dc614cf590
Event: 9.046 Thread 0x000001dc78a5b350 flushing  nmethod 0x000001dc614cfa10
Event: 9.046 Thread 0x000001dc78a5b350 flushing  nmethod 0x000001dc614d1910
Event: 9.046 Thread 0x000001dc78a5b350 flushing  nmethod 0x000001dc614d2490
Event: 9.046 Thread 0x000001dc78a5b350 flushing  nmethod 0x000001dc614d3310
Event: 9.046 Thread 0x000001dc78a5b350 flushing  nmethod 0x000001dc614d4610
Event: 9.046 Thread 0x000001dc78a5b350 flushing  nmethod 0x000001dc614d4b10
Event: 9.046 Thread 0x000001dc78a5b350 flushing  nmethod 0x000001dc614d5410
Event: 9.046 Thread 0x000001dc78a5b350 flushing  nmethod 0x000001dc614d6890
Event: 9.046 Thread 0x000001dc78a5b350 flushing  nmethod 0x000001dc614d6c10
Event: 9.046 Thread 0x000001dc78a5b350 flushing  nmethod 0x000001dc614d7390
Event: 9.046 Thread 0x000001dc78a5b350 flushing  nmethod 0x000001dc614e0490
Event: 9.046 Thread 0x000001dc78a5b350 flushing  nmethod 0x000001dc614e1090
Event: 9.046 Thread 0x000001dc78a5b350 flushing  nmethod 0x000001dc614e3f10

Events (20 events):
Event: 0.527 Loaded shared library C:\Program Files\Android\Android Studio\jbr\bin\jimage.dll
Event: 0.800 Thread 0x000001dc788c0a10 Thread added: 0x000001dc7d172600
Event: 2.024 Loaded shared library C:\Program Files\Android\Android Studio\jbr\bin\management.dll
Event: 2.040 Loaded shared library C:\Program Files\Android\Android Studio\jbr\bin\management_ext.dll
Event: 4.418 Thread 0x000001dc7d172600 Thread exited: 0x000001dc7d172600
Event: 9.009 Thread 0x000001dc78b0a710 Thread added: 0x000001dc7e3a8bf0
Event: 9.288 Thread 0x000001dc7e3a8bf0 Thread exited: 0x000001dc7e3a8bf0
Event: 9.696 Thread 0x000001dc78b10af0 Thread added: 0x000001dc7e3a8bf0
Event: 10.333 Thread 0x000001dc788c0a10 Thread added: 0x000001dc7e3a92c0
Event: 11.085 Thread 0x000001dc7e3a8bf0 Thread exited: 0x000001dc7e3a8bf0
Event: 12.237 Thread 0x000001dc7e3a92c0 Thread added: 0x000001dc7e3a70b0
Event: 12.410 Thread 0x000001dc788c0a10 Thread added: 0x000001dc7e3aae00
Event: 13.046 Thread 0x000001dc7e3aae00 Thread added: 0x000001dc7e3ab4d0
Event: 13.868 Thread 0x000001dc7e3ab4d0 Thread exited: 0x000001dc7e3ab4d0
Event: 13.970 Thread 0x000001dc7e3aae00 Thread exited: 0x000001dc7e3aae00
Event: 14.301 Thread 0x000001dc78b0a710 Thread added: 0x000001dc7e3aae00
Event: 14.530 Thread 0x000001dc7e3aae00 Thread exited: 0x000001dc7e3aae00
Event: 14.650 Thread 0x000001dc788c0a10 Thread added: 0x000001dc7e3a8bf0
Event: 14.809 Thread 0x000001dc7e3a8bf0 Thread exited: 0x000001dc7e3a8bf0
Event: 15.332 Thread 0x000001dc788c0a10 Thread added: 0x000001dc7e3ac270


Dynamic libraries:
0x00007ff75e070000 - 0x00007ff75e07a000 	C:\Program Files\Android\Android Studio\jbr\bin\java.exe
0x00007ffb6ac60000 - 0x00007ffb6aec7000 	C:\WINDOWS\SYSTEM32\ntdll.dll
0x00007ffb68980000 - 0x00007ffb68a4b000 	C:\WINDOWS\System32\KERNEL32.DLL
0x00007ffb68480000 - 0x00007ffb68882000 	C:\WINDOWS\System32\KERNELBASE.dll
0x00007ffb68080000 - 0x00007ffb681cc000 	C:\WINDOWS\System32\ucrtbase.dll
0x00007ffb4bc60000 - 0x00007ffb4bc78000 	C:\Program Files\Android\Android Studio\jbr\bin\jli.dll
0x00007ffb6a820000 - 0x00007ffb6a9ef000 	C:\WINDOWS\System32\USER32.dll
0x00007ffb68950000 - 0x00007ffb68977000 	C:\WINDOWS\System32\win32u.dll
0x00007ffb6aa00000 - 0x00007ffb6aa2b000 	C:\WINDOWS\System32\GDI32.dll
0x00007ffb681e0000 - 0x00007ffb68309000 	C:\WINDOWS\System32\gdi32full.dll
0x00007ffb68310000 - 0x00007ffb683b3000 	C:\WINDOWS\System32\msvcp_win.dll
0x00007ffb54850000 - 0x00007ffb5486b000 	C:\Program Files\Android\Android Studio\jbr\bin\VCRUNTIME140.dll
0x00007ffb4eaf0000 - 0x00007ffb4ed80000 	C:\WINDOWS\WinSxS\amd64_microsoft.windows.common-controls_6595b64144ccf1df_6.0.26100.9278_none_3e0d1ba8e3303201\COMCTL32.dll
0x00007ffb69aa0000 - 0x00007ffb69b49000 	C:\WINDOWS\System32\msvcrt.dll
0x00007ffb69c70000 - 0x00007ffb69ca1000 	C:\WINDOWS\System32\IMM32.DLL
0x00007ffb5e640000 - 0x00007ffb5e64c000 	C:\Program Files\Android\Android Studio\jbr\bin\vcruntime140_1.dll
0x00007ffb34800000 - 0x00007ffb3488d000 	C:\Program Files\Android\Android Studio\jbr\bin\msvcp140.dll
0x00007ffa83760000 - 0x00007ffa843f6000 	C:\Program Files\Android\Android Studio\jbr\bin\server\jvm.dll
0x00007ffb69770000 - 0x00007ffb6982c000 	C:\WINDOWS\System32\ADVAPI32.dll
0x00007ffb6aaa0000 - 0x00007ffb6ab49000 	C:\WINDOWS\System32\sechost.dll
0x00007ffb69310000 - 0x00007ffb69428000 	C:\WINDOWS\System32\RPCRT4.dll
0x00007ffb69b50000 - 0x00007ffb69bd0000 	C:\WINDOWS\System32\WS2_32.dll
0x00007ffb67ce0000 - 0x00007ffb67d3e000 	C:\WINDOWS\SYSTEM32\POWRPROF.dll
0x00007ffb5ba00000 - 0x00007ffb5ba36000 	C:\WINDOWS\SYSTEM32\WINMM.dll
0x00007ffb5a840000 - 0x00007ffb5a84b000 	C:\WINDOWS\SYSTEM32\VERSION.dll
0x00007ffb67cc0000 - 0x00007ffb67cd5000 	C:\WINDOWS\SYSTEM32\UMPDC.dll
0x00007ffb66b30000 - 0x00007ffb66b4b000 	C:\WINDOWS\SYSTEM32\kernel.appcore.dll
0x00007ffb5af00000 - 0x00007ffb5af0a000 	C:\Program Files\Android\Android Studio\jbr\bin\jimage.dll
0x00007ffb653a0000 - 0x00007ffb655ec000 	C:\WINDOWS\SYSTEM32\DBGHELP.DLL
0x00007ffb69cf0000 - 0x00007ffb6a075000 	C:\WINDOWS\System32\combase.dll
0x00007ffb69990000 - 0x00007ffb69a69000 	C:\WINDOWS\System32\OLEAUT32.dll
0x00007ffb50be0000 - 0x00007ffb50c1b000 	C:\WINDOWS\SYSTEM32\dbgcore.DLL
0x00007ffb683c0000 - 0x00007ffb6846c000 	C:\WINDOWS\System32\bcryptPrimitives.dll
0x00007ffb54500000 - 0x00007ffb54520000 	C:\Program Files\Android\Android Studio\jbr\bin\java.dll
0x00007ffb518c0000 - 0x00007ffb518d8000 	C:\Program Files\Android\Android Studio\jbr\bin\zip.dll
0x00007ffb6a080000 - 0x00007ffb6a818000 	C:\WINDOWS\System32\SHELL32.dll
0x00007ffb65890000 - 0x00007ffb6613e000 	C:\WINDOWS\SYSTEM32\windows.storage.dll
0x00007ffb68d80000 - 0x00007ffb68e7b000 	C:\WINDOWS\System32\SHCORE.dll
0x00007ffb6aa30000 - 0x00007ffb6aa96000 	C:\WINDOWS\System32\shlwapi.dll
0x00007ffb67d80000 - 0x00007ffb67da9000 	C:\WINDOWS\SYSTEM32\profapi.dll
0x00007ffb54900000 - 0x00007ffb54910000 	C:\Program Files\Android\Android Studio\jbr\bin\net.dll
0x00007ffb5f370000 - 0x00007ffb5f49a000 	C:\WINDOWS\SYSTEM32\WINHTTP.dll
0x00007ffb670f0000 - 0x00007ffb6715c000 	C:\WINDOWS\system32\mswsock.dll
0x00007ffb4e500000 - 0x00007ffb4e516000 	C:\Program Files\Android\Android Studio\jbr\bin\nio.dll
0x00007ffb4e4a0000 - 0x00007ffb4e4a9000 	C:\Program Files\Android\Android Studio\jbr\bin\management.dll
0x00007ffb492f0000 - 0x00007ffb492fb000 	C:\Program Files\Android\Android Studio\jbr\bin\management_ext.dll
0x00007ffb6ac10000 - 0x00007ffb6ac18000 	C:\WINDOWS\System32\PSAPI.DLL
0x00007ffb53660000 - 0x00007ffb53670000 	C:\Program Files\Android\Android Studio\jbr\bin\verify.dll

JVMTI agents: none

dbghelp: loaded successfully - version: 4.0.5 - missing functions: none
symbol engine: initialized successfully - sym options: 0x614 - pdb path: .;C:\Program Files\Android\Android Studio\jbr\bin;C:\WINDOWS\SYSTEM32;C:\WINDOWS\WinSxS\amd64_microsoft.windows.common-controls_6595b64144ccf1df_6.0.26100.9278_none_3e0d1ba8e3303201;C:\Program Files\Android\Android Studio\jbr\bin\server

VM Arguments:
java_command: org.jetbrains.kotlin.cli.jvm.K2JVMCompiler @D:\JP SITEPLUS\mobile-engineer\build\workmanager_android\20260911_17301364580518169702.compiler.options
java_class_path (initial): C:\Users\Sachin\.gradle\caches\modules-2\files-2.1\org.jetbrains.kotlin\kotlin-compiler-embeddable\2.2.20\bb8331b7585e36ea311825b01a1c06860c055fd1\kotlin-compiler-embeddable-2.2.20.jar;C:\Users\Sachin\.gradle\caches\modules-2\files-2.1\org.jetbrains.kotlin\kotlin-stdlib\2.2.20\5380b19fa1924399b62ce3a1faffebb2b4f82272\kotlin-stdlib-2.2.20.jar;C:\Users\Sachin\.gradle\caches\modules-2\files-2.1\org.jetbrains.kotlin\kotlin-script-runtime\2.2.20\4c679cbeac0bb583b75c3a080013da8eaf240807\kotlin-script-runtime-2.2.20.jar;C:\Users\Sachin\.gradle\caches\modules-2\files-2.1\org.jetbrains.kotlin\kotlin-reflect\1.6.10\1cbe9c92c12a94eea200d23c2bbaedaf3daf5132\kotlin-reflect-1.6.10.jar;C:\Users\Sachin\.gradle\caches\modules-2\files-2.1\org.jetbrains.kotlin\kotlin-daemon-embeddable\2.2.20\feff12d48d7f1eb628742b0a721395e16f8755bf\kotlin-daemon-embeddable-2.2.20.jar;C:\Users\Sachin\.gradle\caches\modules-2\files-2.1\org.jetbrains.kotlinx\kotlinx-coroutines-core-jvm\1.8.0\ac1dc37a30a93150b704022f8d895ee1bd3a36b3\kotlinx-coroutines-core-jvm-1.8.0.jar;C:\Users\Sachin\.gradle\caches\modules-2\files-2.1\org.jetbrains\annotations\13.0\919f0dfe192fb4e063e7dacadee7f8bb9a2672a9\annotations-13.0.jar
Launcher Type: SUN_STANDARD

[Global flags]
     intx CICompilerCount                          = 12                                        {product} {ergonomic}
     uint ConcGCThreads                            = 3                                         {product} {ergonomic}
     uint G1ConcRefinementThreads                  = 13                                        {product} {ergonomic}
   size_t G1HeapRegionSize                         = 2097152                                   {product} {ergonomic}
    uintx GCDrainStackTargetSize                   = 64                                        {product} {ergonomic}
   size_t InitialHeapSize                          = 264241152                                 {product} {ergonomic}
   size_t MarkStackSize                            = 4194304                                   {product} {ergonomic}
   size_t MaxHeapSize                              = 4196401152                                {product} {ergonomic}
   size_t MaxNewSize                               = 2516582400                                {product} {ergonomic}
   size_t MinHeapDeltaBytes                        = 2097152                                   {product} {ergonomic}
   size_t MinHeapSize                              = 8388608                                   {product} {ergonomic}
    uintx NonNMethodCodeHeapSize                   = 7602480                                {pd product} {ergonomic}
    uintx NonProfiledCodeHeapSize                  = 122027880                              {pd product} {ergonomic}
    uintx ProfiledCodeHeapSize                     = 122027880                              {pd product} {ergonomic}
    uintx ReservedCodeCacheSize                    = 251658240                              {pd product} {ergonomic}
     bool SegmentedCodeCache                       = true                                      {product} {ergonomic}
   size_t SoftMaxHeapSize                          = 4196401152                             {manageable} {ergonomic}
     bool UseCompressedOops                        = true                           {product lp64_product} {ergonomic}
     bool UseG1GC                                  = true                                      {product} {ergonomic}
     bool UseLargePagesIndividualAllocation        = false                                  {pd product} {ergonomic}

Logging:
Log output configuration:
 #0: stdout all=warning uptime,level,tags foldmultilines=false
 #1: stderr all=off uptime,level,tags foldmultilines=false

Release file:
JAVA_VERSION="21.0.10" 
MODULES="java.base java.compiler java.datatransfer java.xml java.prefs java.desktop java.instrument java.logging java.management java.security.sasl java.naming java.rmi java.management.rmi java.net.http java.scripting java.security.jgss java.transaction.xa java.sql java.sql.rowset java.xml.crypto java.se java.smartcardio jdk.accessibility jdk.internal.jvmstat jdk.attach jdk.charsets jdk.internal.opt jdk.zipfs jdk.compiler jdk.crypto.ec jdk.crypto.cryptoki jdk.dynalink jdk.hotspot.agent jdk.httpserver jdk.internal.ed jdk.internal.le jdk.internal.vm.ci jdk.jartool jdk.javadoc jdk.jcmd jdk.jdeps jdk.jdwp.agent jdk.jdi jdk.jfr jdk.jlink jdk.jsobject jdk.localedata jdk.management jdk.management.agent jdk.management.jfr jdk.naming.dns jdk.naming.rmi jdk.net jdk.sctp jdk.security.auth jdk.security.jgss jdk.unsupported jdk.unsupported.desktop jdk.xml.dom" 
IMPLEMENTOR="JetBrains s.r.o." 
JAVA_RUNTIME_VERSION="21.0.10+-14961533-b1163.108" 
LIBC="default" 
OS_ARCH="x86_64" 
OS_NAME="Windows" 
SOURCE=".:git:1351622c2ff2" 

Environment Variables:
JAVA_HOME=C:\Program Files\Android\Android Studio\jbr
CLASSPATH=D:\JP SITEPLUS\mobile-engineer\android\\gradle\wrapper\gradle-wrapper.jar
PATH=C:\Program Files\Android\Android Studio\jbr\bin;C:\Users\Sachin\AppData\Local\Programs\Python\Python312\Scripts\;C:\Users\Sachin\AppData\Local\Programs\Python\Python312\;C:\WINDOWS\system32;C:\WINDOWS;D:\src\flutter\bin;C:\WINDOWS\System32\Wbem;C:\WINDOWS\System32\WindowsPowerShell\v1.0\;C:\WINDOWS\System32\OpenSSH\;C:\ProgramData\chocolatey\bin;C:\Program Files\MongoDB\Server\7.0\bin;C:\Program Files\Git\cmd;C:\Program Files\Git\mingw64\bin;C:\Program Files\Git\usr\bin;C:\Program Files\nodejs\;C:\Program Files (x86)\Microsoft SQL Server\160\DTS\Binn\;C:\Program Files (x86)\Microsoft SQL Server\160\Tools\Binn\;C:\Program Files\Microsoft SQL Server\160\Tools\Binn\;C:\Program Files\Microsoft SQL Server\Client SDK\ODBC\170\Tools\Binn\;C:\Program Files\Microsoft SQL Server\160\DTS\Binn\;C:\Program Files\Microsoft SQL Server\150\Tools\Binn\;C:\Program Files\dotnet\;C:\Program Files\Android\Android Studio\jbr\bin;C:\Users\Sachin\scoop\shims;C:\Program Files\MySQL\MySQL Shell 8.0\bin\;C:\Users\Sachin\AppData\Local\Programs\Microsoft VS Code\bin;C:\MinGW\bin;C:\Users\Sachin\AppData\Local\JetBrains\IntelliJ IDEA Community Edition 2023.3.4\bin;C:\Program Files\JetBrains\PyCharm 2024.2.3\bin;C:\Users\Sachin\AppData\Local\Microsoft\WindowsApps;C:\Users\Sachin\AppData\Roaming\npm;C:\Users\Sachin\.dotnet\tools;C:\Users\Sachin\Downloads\flutter_windows_3.29.3-stable\flutter\bin;C:\Users\Sachin\AppData\Local\GitHubDesktop\bin;D:\COLLEGE DE\Antigravity\bin
USERNAME=Sachin
OS=Windows_NT
PROCESSOR_IDENTIFIER=Intel64 Family 6 Model 154 Stepping 3, GenuineIntel
TMP=C:\Users\Sachin\AppData\Local\Temp
TEMP=C:\Users\Sachin\AppData\Local\Temp




Periodic native trim disabled

JNI global refs:
JNI global refs: 17, weak refs: 0

JNI global refs memory usage: 835, weak refs: 833

Process memory usage:
Resident Set Size: 304808K (1% of 16388268K total physical memory with 364072K free physical memory)

OOME stack traces (most recent first):
Classloader memory used:
Loader jdk.internal.loader.ClassLoaders$AppClassLoader                                 : 51931K
Loader bootstrap                                                                       : 11336K

---------------  S Y S T E M  ---------------

OS:
 Windows 11 , 64 bit Build 26100 (10.0.26100.9444)
OS uptime: 1 days 4:09 hours
Hyper-V role detected

CPU: total 16 (initial active 16) (8 cores per cpu, 2 threads per core) family 6 model 154 stepping 3 microcode 0x432, cx8, cmov, fxsr, ht, mmx, 3dnowpref, sse, sse2, sse3, ssse3, sse4.1, sse4.2, popcnt, lzcnt, tsc, tscinvbit, avx, avx2, aes, erms, clmul, bmi1, bmi2, adx, sha, fma, vzeroupper, clflush, clflushopt, clwb, hv, serialize, rdtscp, rdpid, fsrm, f16c, cet_ibt, cet_ss
Processor Information for processor 0
  Max Mhz: 2500, Current Mhz: 2500, Mhz Limit: 2500
Processor Information for processor 1
  Max Mhz: 2500, Current Mhz: 2500, Mhz Limit: 2500
Processor Information for processor 2
  Max Mhz: 2500, Current Mhz: 2500, Mhz Limit: 2500
Processor Information for processor 3
  Max Mhz: 2500, Current Mhz: 2500, Mhz Limit: 2500
Processor Information for processor 4
  Max Mhz: 2500, Current Mhz: 2500, Mhz Limit: 2500
Processor Information for processor 5
  Max Mhz: 2500, Current Mhz: 2500, Mhz Limit: 2500
Processor Information for processor 6
  Max Mhz: 2500, Current Mhz: 2500, Mhz Limit: 2500
Processor Information for processor 7
  Max Mhz: 2500, Current Mhz: 2500, Mhz Limit: 2500
Processor Information for processor 8
  Max Mhz: 2500, Current Mhz: 1800, Mhz Limit: 1800
Processor Information for processor 9
  Max Mhz: 2500, Current Mhz: 1800, Mhz Limit: 1800
Processor Information for processor 10
  Max Mhz: 2500, Current Mhz: 1800, Mhz Limit: 1800
Processor Information for processor 11
  Max Mhz: 2500, Current Mhz: 1500, Mhz Limit: 1800
Processor Information for processor 12
  Max Mhz: 2500, Current Mhz: 1800, Mhz Limit: 1800
Processor Information for processor 13
  Max Mhz: 2500, Current Mhz: 1800, Mhz Limit: 1800
Processor Information for processor 14
  Max Mhz: 2500, Current Mhz: 1800, Mhz Limit: 1800
Processor Information for processor 15
  Max Mhz: 2500, Current Mhz: 1800, Mhz Limit: 1800

Memory: 4k page, system-wide physical 16004M (345M free)
TotalPageFile size 30059M (AvailPageFile size 38M)
current process WorkingSet (physical memory assigned to process): 297M, peak: 308M
current process commit charge ("private bytes"): 358M, peak: 371M

vm_info: OpenJDK 64-Bit Server VM (21.0.10+-14961533-b1163.108) for windows-amd64 JRE (21.0.10+-14961533-b1163.108), built on 2026-03-02T19:58:50Z by "builder" with MS VC++ 16.10 / 16.11 (VS2019)

END.
